﻿Location name,Amount spent (TRY)
Adana Province,1733044
Adıyaman Province,71090
Afyonkarahisar Province,78375
Aksaray Province,149735
Amasya Province,90434
Ankara Province,2347040
Antalya Province,1767109
Ardahan Province,4469
Artvin Province,23067
Aydın Province,295315
Ağrı Province,14234
Balıkesir Province,509906
Bartın Province,19375
Batman Province,24392
Bayburt Province,5674
Bilecik Province,88431
Bingöl Province,8109
Bitlis Province,8868
Bolu Province,42675
Burdur Province,40867
Bursa Province,907373
Denizli Province,158246
Diyarbakır Province,101960
Düzce Province,105420
Edirne Province,53133
Elazığ Province,87294
Erzincan Province,17312
Erzurum Province,54862
Eskişehir Province,283243
Gaziantep Province,221264
Giresun Province,100874
Gümüşhane Province,7560
Hakkâri Province,6244
Hatay Province,304667
Isparta Province,163068
Istanbul Province,7984793
Iğdır Province,4485
Kahramanmaraş Province,295812
Karabük Province,172166
Karaman Province,24032
Kars Province,11026
Kastamonu Province,45340
Kayseri Province,110490
Kilis Province,17931
Kocaeli Province,517784
Konya Province,380174
Kütahya Province,31121
Kırklareli Province,47874
Kırıkkale Province,69940
Kırşehir Province,77989
Malatya Province,74059
Manisa Province,482831
Mardin Province,25030
Mersin Province,590165
Muğla Province,662807
Muş Province,8276
Nevşehir Province,29697
Niğde Province,103309
Ordu Province,75960
Osmaniye Province,85495
Rize Province,37938
Sakarya Province,225933
Samsun Province,589189
Siirt Province,8393
Sinop Province,23395
Sivas Province,30053
Tekirdağ Province,493323
Tokat Province,48942
Trabzon Province,126184
Tunceli Province,4110
Unknown,7379
Uşak Province,26851
Van Province,74080
Yalova Province,145781
Yozgat Province,25230
Zonguldak Province,125118
Çanakkale Province,373315
Çankırı Province,15796
Çorum Province,53342
İzmir Province,2034554
Şanlıurfa Province,77966
Şırnak Province,14602