﻿Page ID,Page name,Disclaimer,Amount spent (TRY)
1222290707815920,नेपाल बाढी सूचना-Nepal Flood Alert,These ads ran without a disclaimer,849
141311632555208,Bağımsız Türkiye Partisi,Bağımsız Türkiye Partisi,565
104467829291062,Smaberfinada,Smaberfinada,428
106561381741274,Promosyon Kahve,GANİTTO GIDA SANAYİ VE TİCARET ANONİM ŞİRKETİ,258
139284075934261,Esdaca,These ads ran without a disclaimer,198
1439683329600228,Ümit Uysal,Ümit Uysal,145
114425925087182,Halil Güler,Halil Güler,137
118308491265434,KADİR AYDAR,KADİR AYDAR,130
140892686461511,Canan Keleş,Canan Keleş,129
149613568245787,Tuğrul Karacaer,Tuğrul KARACAER,125
226410901315304,Areda Survey,Areda Survey,110
117759707990578,Travel Blog,These ads ran without a disclaimer,103
145814368809315,Kadıköy Belediyesi,Kadıköy Belediyesi,102
236829849700741,Al-Monitor,These ads ran without a disclaimer,≤100
109990884929495,sumeyye_smatip1,These ads ran without a disclaimer,≤100
106636707429433,Let me Educate,These ads ran without a disclaimer,≤100
176412715563458,Mimar Emre Afacan,Mimar Emre Afacan,≤100
1833611143599141,Nedim Tekerli,Nedim Tekerli,≤100
105376981385020,Referandom,Referandom,≤100
172599700012793,Orhan Bayram,Orhan Bayram,≤100
198335040031819,Halit Özdemir,Creamaxi Dijital,≤100
1638155743074134,Ertan Aksoy,Ertan Aksoy,≤100
101446564553071,More more,These ads ran without a disclaimer,≤100
108764848274202,İsmail Yaşar,İsmail Yaşar,≤100
186031154590222,İbrahim Öztürk,İbrahim Öztürk,≤100
100988202794512,Eu News Life,These ads ran without a disclaimer,≤100
815048841929079,M. Ergün Turan,M. Ergün Turan,≤100
1407367982899602,Sevda ERDAN KILIÇ,Sevda Erdan Kılıç,≤100
106187277979172,Dijital Gaste,Dijital Gaste,≤100
1787739418209100,Yusuf Ziya Günaydın,Yusuf Ziya Günaydın,≤100
434397883381006,Abdulkadir Uraloğlu,Abdulkadir Uraloğlu,≤100
146234755411446,Mirasımız Derneği,(MİRASIMIZ) Kudüs ve Civarındaki Osmanlı Mirasını Koruma ve Yaşatma Derneği,≤100
303048049842901,hygazete.com,hygazete.com,≤100
821150371248664,Özgürlük Araştırmaları,Özgürlük Araştırmaları,≤100
194901500550020,Özgür Özel,Özgür Özel,≤100
101189962455789,Hekim Birliği,Hekim Birliği,≤100
101511329198025,Guava Gala,These ads ran without a disclaimer,≤100
136182832917911,IVOS BOYS,These ads ran without a disclaimer,≤100
179546055248975,Sadık Dinler,Sadık Dinler,≤100
434652240401487,Hasan Öz,Hasan Öz,≤100
162972163563245,Poli Ever,These ads ran without a disclaimer,≤100
102398605986450,Nature,These ads ran without a disclaimer,≤100
154012084797126,Yeni Şafak,Yeni Şafak,≤100
1419825258265323,Tempero do Amor,These ads ran without a disclaimer,≤100
116622098044501,Fatih Füzün,Fatih Füzün,≤100
175113392350762,İş Yatırımları,These ads ran without a disclaimer,≤100
153072171214920,250 Dolar,These ads ran without a disclaimer,≤100
169853376997175,Kasım Pamuk,Kasım Pamuk,≤100
114425925087182,Halil Güler,Nil Peri'ye Umut Ol,≤100
191289970727371,Parla Urla - Sergenç İneler,Parla Urla,≤100
216875381506454,ddhhdjdh_34,These ads ran without a disclaimer,≤100
176195072249695,Gelecekteki̇ güvenli̇k,These ads ran without a disclaimer,≤100
1776545895921237,Nedersiniz,Nedersiniz,≤100
122099978198011003,ELİF,These ads ran without a disclaimer,≤100
153093667878387,BENSU,These ads ran without a disclaimer,≤100
100665102848993,Gün Gün Kurtuluş,Gün Gün Kurtuluş,≤100
111162852275902,Uluslararası Af Örgütü Türkiye Şubesi,Uluslararası Af Örgütü Türkiye Şubesi,≤100
105706708151847,En el Punto Pleno,These ads ran without a disclaimer,≤100
122109436706000565,Yiğitömer,These ads ran without a disclaimer,≤100
106143258870276,SMA ZEHRA DAĞ,SMA ZEHRA DAĞ,≤100
1549001288690227,Elegance Promosyon,Elegance Promosyon,≤100
162314920308503,Esat Tanık,Esat Tanık,≤100
141309809062603,Daha Büyük Daha Kulüp,Daha Büyük Daha Kulüp,≤100
108384338734055,Recommend news,These ads ran without a disclaimer,≤100
100948276297565,Özgür Öztürk.,Özgür Öztürk.,≤100
103550378054418,coffeephonic.com,OPTİMUM MEDYA VE REKLAM TANITIM HİZMETLERİ A.Ş,≤100
137379306129963,FoodVapour,These ads ran without a disclaimer,≤100
876029119181237,Open English,These ads ran without a disclaimer,≤100
192426280613040,Ulaş Aydın,Onur Keskin,≤100
1775300219395111,Songül Başkaya,Songül Başkaya,≤100
108296732010868,Portina Dino,These ads ran without a disclaimer,≤100
251071975079055,Mehmet Habalı / Serik Gönül İttifakı,Mehmet Habalı / Serik Gönül İttifakı,≤100
631621816870128,Jorge Minaya,These ads ran without a disclaimer,≤100
104883340872222,Hlow,These ads ran without a disclaimer,≤100
112725053470466,Giải Pháp Tài Chính 09,These ads ran without a disclaimer,≤100
118615374534702,Sempre Mulher,These ads ran without a disclaimer,≤100
176131508924843,Project TR,These ads ran without a disclaimer,≤100
167127426490551,İşlem Merkezi,These ads ran without a disclaimer,≤100
101975892654579,Compensation Center,These ads ran without a disclaimer,≤100
109983148867326,Love Strings,These ads ran without a disclaimer,≤100
106377491135632,yasamak.icin.yasat,These ads ran without a disclaimer,≤100
144190035442695,Celestial Glee,These ads ran without a disclaimer,≤100
104765339259356,Aliağa Kent Kitaplığı,Aliağa Kent Kitaplığı,≤100
104172941817843,Bichota,These ads ran without a disclaimer,≤100
129920206879578,Business news,These ads ran without a disclaimer,≤100
163495006850025,Serkan Sak,serkan sak,≤100
105215325913878,In New YorkCity,These ads ran without a disclaimer,≤100
105775662242815,Seçime hazırlık,Seçime Hazırlık,≤100
1484496741781105,Rezwadud Mahin,These ads ran without a disclaimer,≤100
106433519384639,Haber7,Haber7,≤100
111164933578818,Baran Gezmiş Yıldırım,Baran Gezmiş Yıldırım,≤100
108317737291644,Öÿệ सभल jä,These ads ran without a disclaimer,≤100
138462809355870,Legal Solutions,These ads ran without a disclaimer,≤100
108616265560976,Chocoaventuras,These ads ran without a disclaimer,≤100
189646437573266,Başkan Oya Asak,OYA ASAK,≤100
199701867577633,Salih Ekinci,Salih Ekinci,≤100
142330763081113,Dorothy Hilary,These ads ran without a disclaimer,≤100
207787009653168,Teyit,Teyit,≤100
109587468638786,Musa Ertugan,Musa ERUĞAN,≤100
326403044634322,Abdurrahman Dursun,Abdurrahman Dursun,≤100
167015233155902,Pets and Happy,These ads ran without a disclaimer,≤100
101315571670453,Webagron Tarımsal İçerik Platformu,Webagron Tarımsal İçerik Platformu,≤100
123347064188358,BAHAR,These ads ran without a disclaimer,≤100
769655966762683,TR INVST,These ads ran without a disclaimer,≤100
2245970165663398,Tahsin Erdem,TahsinErdem,≤100
498579987170393,العدسة  The Lens,thelenspost,≤100
107352742721012,Laura Wilkinson,These ads ran without a disclaimer,≤100
2145398195485400,Alperen Erol,Alperen Erol,≤100
2064731740417261,Seyyid Bilal Kabdan,Seyyid Bilal Kabdan,≤100
216334205230914,Eleman.net,These ads ran without a disclaimer,≤100
190752784111178,Маркетиннг,These ads ran without a disclaimer,≤100
109076892032068,Yeşil Fırın Adana,FARUK KORKMAZ,≤100
105612542428677,Grape Delight,These ads ran without a disclaimer,≤100
108368504172593,SES Eşitlik ve Dayanışma Derneği,SES Eşitlik ve Dayanışma Derneği,≤100
197977693390293,Gonca Köksal,Gonca Köksal,≤100
584377121746844,Nico di bennardo,These ads ran without a disclaimer,≤100
110046057017369,Nashiwa,These ads ran without a disclaimer,≤100
104435352674463,SecondFunction,These ads ran without a disclaimer,≤100
205148386009376,Load of bank,These ads ran without a disclaimer,≤100
1668169733465490,مركز الحوار السوري,مركز الحوار السوري,≤100
383388875603015,Pli nko full,These ads ran without a disclaimer,≤100
211997052143851,Финансы Успех Развитие,These ads ran without a disclaimer,≤100
187384077782331,Fatih Sırmacı,Fatih Sırmacı,≤100
184674851685402,Özdilek Holding,These ads ran without a disclaimer,≤100
2034462006817180,Naim Osman Erem,Naim Osman Erem,≤100
237247216818850,İyilik Yolu,These ads ran without a disclaimer,≤100
215597241634412,Tavb Baskı,dinamo,≤100
341929182977560,Sosyal İttifak,Haber Alemi,≤100
100701695747178,Usta Kasap,Şenpiliç Gıda Sanayi A.Ş.,≤100
100883342369428,İzDoğa,These ads ran without a disclaimer,≤100
102119626014041,Hillside Horizons,These ads ran without a disclaimer,≤100
109133361895203,Mong to Vu dep427164,These ads ran without a disclaimer,≤100
1418564168357732,Ali Sinanoğlu,Ali Sinanoğlu,≤100
106111170729078,Digiens Academy,These ads ran without a disclaimer,≤100
328921090069,CEDBİK,CEDBİK,≤100
101883389159894,Narman'ın Değeri,Narman'ın Değeri,≤100
180222385163648,Türkiye Haberleri,These ads ran without a disclaimer,≤100
462963834529864,Levent Uysal,Levent Uysal,≤100
112653711890302,Rosas 3,These ads ran without a disclaimer,≤100
116184578078100,Sunflower Symphony,These ads ran without a disclaimer,≤100
102411042650736,Peony Dreams,These ads ran without a disclaimer,≤100
104064842408118,Istanbul Sosyal Bilimler Araştırma Merkezi - İSBAM,Istanbul Sosyal Bilimler Arastirma Merkezi,≤100
169331132919961,Éstee Lauder Việt Nam,These ads ran without a disclaimer,≤100
148781388326962,News24,These ads ran without a disclaimer,≤100
527189977785529,Yeniden Refah Partisi İzmir İl Başkanlığı,Yeniden Refah Partisi İzmir İl Başkanlığı,≤100
612928728729408,Yıldız BOR,Yıldız BOR,≤100
208371683037269,NBCU Catalyst,These ads ran without a disclaimer,≤100
105501204142697,Shiwa,These ads ran without a disclaimer,≤100
183033055966914,Ergun Özgün,Ergun Özgün,≤100
1412788189015357,Aliağa Medya,Aliağa Medya,≤100
133089613229113,Mehmet Kamar,Mehmet Kamar,≤100
220319391464566,Vahap Akay,Vahap Akay,≤100
484518008409625,Yakın Eğitim,simlab eğitim ve bilişim teknolojileri tic. ltd. şti.,≤100
231349440614900,Tokmak,Tokmak,≤100
148797741934599,Movicel,These ads ran without a disclaimer,≤100
148429995009739,MICB,These ads ran without a disclaimer,≤100
112283736792405,Project,These ads ran without a disclaimer,≤100
101684242729141,Benna Butiks,These ads ran without a disclaimer,≤100
191453580768,Yeni Şafak,Yeni Şafak,≤100
191861534004817,Nevzat Çakrak,Nevzat Çakrak,≤100
114808578218621,SMA Fatma Betül,These ads ran without a disclaimer,≤100
1764577253790486,Mehmet Yılmazer,Mehmet Yılmazer,≤100
151785994681553,Dr. Murat Özyaba,Dr. Murat Özyaba,≤100
130505847668640,Dulcie Edana,These ads ran without a disclaimer,≤100
333851566825297,Ukweli Times,These ads ran without a disclaimer,≤100
1060556074110798,Software and Hardware Solution,These ads ran without a disclaimer,≤100
102024162359104,Fitness Friends,These ads ran without a disclaimer,≤100
800603909994685,Gülizar Biçer Karaca,Gülizar Biçer Karaca,≤100
116130224926185,lindayanefesol,These ads ran without a disclaimer,≤100
111396440404781,Sezer Durmuş,Sezer Durmuş,≤100
189405117579580,Muammer Çelebi,Muammer Çelebi,≤100
110520562019015,Demokrasi ve Özgürlükler Adası,Demokrasi ve Özgürlükler Adası,≤100
465887546792664,Halkın Kurtuluş Partisi - HKP,Halkın Kurtuluş Partisi - HKP,≤100
627174524069383,Hüseyin Aksu,Hüseyin Aksu,≤100
107465952282597,Sma Efnan Dua Sak,These ads ran without a disclaimer,≤100
335392516664557,Mehmet Genç,Mehmet Genç,≤100
115845311545726,Son Haberler,These ads ran without a disclaimer,≤100
175381998996573,Hüseyin Ünal,Badoworks,≤100
126046407255914,Sma_bekirbebek,These ads ran without a disclaimer,≤100
178032612052410,Coes,These ads ran without a disclaimer,≤100
356174691603988,Av. Salih Aydın,Av. Salih Aydın,≤100
535720086896194,Dr. Ömer Selim Alan,Dr. Ömer Selim Alan,≤100
103669175615329,aylinyegin.olasiliklarladans,These ads ran without a disclaimer,≤100
1435320236741754,Üsküdar Kültür Sanat,These ads ran without a disclaimer,≤100
183754020921,Saadet Partisi,Saadet Partisi,≤100
110177161586785,Holiday Travel,These ads ran without a disclaimer,≤100
180265675159418,Elanur DEM,Elanur DEM,≤100
1157808394233800,Kayalar Group İthal Hayvancılık,These ads ran without a disclaimer,≤100
179981211862219,Yücel EVSEN,Yücel Evsen,≤100
257544755132930,Mustafa Gürbüz,Mustafa Gürbüz,≤100
213753725144056,Turkprofist,These ads ran without a disclaimer,≤100
103973085706404,Mesut Kocagöz,Mesut Kocagöz,≤100
107656842441404,Smaumutdursun,These ads ran without a disclaimer,≤100
132919303231279,Smafatmabetül,These ads ran without a disclaimer,≤100
205841466094828,Emre KÖPRÜLÜ,Emre KÖPRÜLÜ,≤100
1798435720478073,新華香港,These ads ran without a disclaimer,≤100
860573677321585,Süleyman Öz,Mithat Abakan,≤100
103705612623786,Orange Blossom,These ads ran without a disclaimer,≤100
526384877393739,Selahattin Gürkan,Selahattin Gürkan,≤100
103187302700054,Capital Climb,These ads ran without a disclaimer,≤100
101248211843689,Fırsatlar ve Çekilişler,These ads ran without a disclaimer,≤100
1692969304276465,Mustafa Fidan Vursavuş,Mustafa Fidan Vursavuş,≤100
100869393051290,iyiliksancagiinsaniyardimder,These ads ran without a disclaimer,≤100
169815019557133,Emrah Uyaan,Emrah Uyaan,≤100
851556338241562,Ayşen Kurt,Ayşen Kurt,≤100
100675732413915,Anket Adam,Anket Adam,≤100
101815629596263,Tundra Frost,These ads ran without a disclaimer,≤100
192411217802000,Şahmettin Yüksel,Şahmettin Yüksel,≤100
159866840541913,Business for US,These ads ran without a disclaimer,≤100
102613688035402,Vivian Gwen,These ads ran without a disclaimer,≤100
102564792917606,Ozan Can AK,Ozan Can AK,≤100
704343706591128,Yıldıray ARICI,Yıldıray ARICI,≤100
105770831947575,Kenen-aa,These ads ran without a disclaimer,≤100
190334644155202,Gürsel Yılmaz,GÜRSEL YILMAZ,≤100
827728640674137,Kalenin Sesi Gazetesi,These ads ran without a disclaimer,≤100
142766845589583,ТВ-1,These ads ran without a disclaimer,≤100
456818704385741,Ulaş Akbaş,Ulaş Akbaş,≤100
172826496755733,Atsız Afşın Yılmaz,Atsız Afşın Yılmaz,≤100
109669391363915,TRHaber,TRHaber,≤100
118921187980577,Recep Elkin,Recep Elkin,≤100
165375443330956,Türker Tolga Topaloğlu,Zafer Partisi,≤100
178813971980074,Webixmo,Webixmo,≤100
212557891930990,Hakan Alabalık,Hakan Alabalık,≤100
181032905098932,Uğurhan Atma,Uğurhan Atma,≤100
109342715094437,Sertões Care,These ads ran without a disclaimer,≤100
119405895873,Huawei,These ads ran without a disclaimer,≤100
180404128680446,Dr. Şadi YAZICI,Dr. Şadi YAZICI,≤100
389043784842196,Yenisafak.com/ru,Yenisafak.com/ru,≤100
1171300339687031,Ali KILIÇ,Ali KILIÇ,≤100
1493744950841097,Kınık Belediyesi,Kınık Belediyesi,≤100
2028274240749386,Celal Köse,Celal Köse,≤100
101667145330608,Yeşim Tektaşlı,Yeşim Tektaşlı,≤100
109034645489609,sma_melisayasasin,These ads ran without a disclaimer,≤100
283315202584453,Serdar Kaya,Serdar Kaya,≤100
108390012832175,Fatih Akkentli,Fatih Akkentli,≤100
1803683629674363,Seçim Analiz,Seçim Analiz,≤100
608649039210361,Adem Murat YÜCEL,These ads ran without a disclaimer,≤100
104602609104314,Raspberry Delight,These ads ran without a disclaimer,≤100
104440756035725,Outstanding Achievements,These ads ran without a disclaimer,≤100
105564428492510,منتدى الحوار الشبابي,مركز الحوار السوري,≤100
164877786894378,J & C Cahill Plumbing & Gasfitting,These ads ran without a disclaimer,≤100
140330099174494,Dr. Rüstem Keleş,Rüstem Keleş,≤100
2048459595271379,Av. Hakan Bilecen,Av. Hakan Bilecen,≤100
106529938871924,Live22 #W011,These ads ran without a disclaimer,≤100
106276911149041,nadrbyln,These ads ran without a disclaimer,≤100
103285814499773,Hikmet Yalım Halıcı,Hikmet Yalım Halıcı,≤100
202385372955510,Nihat Öz,Grapik Reklam,≤100
120606234361427,Viraly,These ads ran without a disclaimer,≤100
107116238961156,Ehlısunnet yolu,These ads ran without a disclaimer,≤100
101490908746353,Zafer Partisi,Zafer Partisi,≤100
636254673172634,Serkan Kalmaz,Serkan Kalmaz,≤100
102323765565548,sensizolmazdernegi,These ads ran without a disclaimer,≤100
401918027041058,Remzi Ümit Atay,Remzi Ümit Atay,≤100
516137045398261,Elif Doğan Türkmen,Elif Doğan Türkmen,≤100
210106809794726,ALPER TURNA,ALPER TURNA,≤100
105048025902614,Ahmet Fethan Baykoç,Ahmet Fethan Baykoç,≤100
319726958236378,Turan Yaldır,Turan Yaldır,≤100
190133974180615,Mustafa Turan,Başkan Mustafa Turan,≤100
2070017563268013,Emel Bilenoğlu,Emel Bilenoğlu,≤100
111257452230362,𝙔𝙪𝙨𝙪𝙛 𝘾𝙝𝙖𝙢𝙗𝙚𝙧𝙨,These ads ran without a disclaimer,≤100
1444810675743288,Vedat Öztürk,Vedat Öztürk,≤100
139187829278349,TRR,These ads ran without a disclaimer,≤100
1640129972672216,Gökhan Yılmaz,Gökhan Yılmaz,≤100
808018822867040,Uzm.Ecz.Hülya Güneş,Uzm.Ecz.Hülya Güneş,≤100
674523449330207,Yavuz Aydın,Yavuz Aydın,≤100
182019884993727,Kenan Tuzcu,Kenan Tuzcu,≤100
100560526425278,Erdoğan Haluk ALTAN,Erdoğan Haluk ALTAN,≤100
638467872921843,Genç Gazete,Genç Gazete,≤100
102837336067737,Connect Cupid,These ads ran without a disclaimer,≤100
171960972672740,Ali Kurt,Ali kurt,≤100
158829607558395,Milliyetçi Hareket Partisi (MHP),Milliyetçi Hareket Partisi (MHP),≤100
116096104744474,Nurullah Yıldız,Nurullah Yıldız,≤100
101260575371740,puf_hali_dunyasi,These ads ran without a disclaimer,≤100
306491676172909,Gerçek Gazetesi,Gerçek Gazetesi,≤100
680203218758581,Gönen Orhan,Gönen Orhan,≤100
534749966952108,WifiGo,These ads ran without a disclaimer,≤100
109426508639683,Mustafa Kara,Mustafa Kara,≤100
276601603241470,Dr Emre Çakır,Emre Çakır,≤100
200632393128710,Çağatay GÜÇ,Çağatay Güç,≤100
100431406701471,Internethaber,Internethaber,≤100
125182337351567,Mehmet Sabri Yüce,Mehmet Sabri Yüce,≤100
102998519544413,Fidelia,These ads ran without a disclaimer,≤100
111751313846537,Hülya Erdem,Hülya Erdem,≤100
173568939174701,Sefa ERİM - AK Parti Bozüyük Belediye Başkan Aday Adayı,Sefa Erim,≤100
186031154590222,İbrahim Öztürk,Tekbiz Teknoloji Ürünleri ve Elektronik San. Tic. Ltd. Şti.,≤100
109258435610222,customrebels,These ads ran without a disclaimer,≤100
203433493035164,Lesoshoppe,These ads ran without a disclaimer,≤100
145050702019513,Надо Говорить,These ads ran without a disclaimer,≤100
186237581240166,Av. Müge Gezginci Ünsal,Av. Müge Gezginci Ünsal,≤100
134438023233934,Money Maker A5,These ads ran without a disclaimer,≤100
187592624435159,Ledkittymirror,These ads ran without a disclaimer,≤100
114771227320618,Sanif,These ads ran without a disclaimer,≤100
120046204530921,anka.dijital06,These ads ran without a disclaimer,≤100
509812492396683,Metal İşçisinin Sesi,Metal İşçisinin Sesi,≤100
173182655884826,byteblazemedia,These ads ran without a disclaimer,≤100
733679456695019,Özkan Alp,Özkan Alp,≤100
127896160644676,KORAY AYDIN,KORAY AYDIN,≤100
105814402331481,Sadık Doğruer,Sadık Doğruer,≤100
166130516588737,Sma Parla,These ads ran without a disclaimer,≤100
172621129263170,Ahmet Arıcan,Rota PR,≤100
129895493790569,Gülay Yedekci,Gülay Yedekci,≤100
296757437921212,Av. Ramazan Açıkgöz,Flood Medya,≤100
557866130988813,Çiftçi TV,Çiftçi TV,≤100
1555562874694393,Aytekin Şenlikoğlu,Aytekin Şenlikoğlu,≤100
155235077678222,yinemedia,These ads ran without a disclaimer,≤100
109131932559569,Hypatia Mirabel,These ads ran without a disclaimer,≤100
120362821004992,Haber Global TV,Haber Global TV,≤100
1449376845342484,AHMET ÇABUK,AHMET ÇABUK,≤100
229396437223608,World Affairs Council of the Quad Cities,These ads ran without a disclaimer,≤100
2244264135618666,Bünyamin Çiftçi,Bünyamin Çiftçi,≤100
100638299612521,Simple Broadcast,These ads ran without a disclaimer,≤100
2160395757535404,Av. Tolga Tosun,Av. Tolga Tosun,≤100
110642287233318,Engin Eren,Engin Eren,≤100
1968422403371242,Mükerrem Tollu,Mükerrem Tollu,≤100
228368290351427,Smaelanurdem,These ads ran without a disclaimer,≤100
252956185381682,Mikail Bilici,Mikail Bilici,≤100
449775638391842,İsmail Söylemez,These ads ran without a disclaimer,≤100
162426093833308,Fransızca Öğreniyorum,These ads ran without a disclaimer,≤100
103589955793719,Murat Demirbaş,Murat Demirbaş,≤100
2014481652192963,Murat Değirmenci - Değirmenci,çalışan bilişim,≤100
102705328874851,Amity Edna,These ads ran without a disclaimer,≤100
370465530355174,Mustafa Demir,Mustafa Demir,≤100
1706624339582436,Tüsiar Araştırma Danışmanlık Ltd.Şti,TÜSİAR ARAŞTIRMA DANIŞMANLIK LTD ŞTİ,≤100
147869981752600,Ozan Özçelik,Ozan Özçelik,≤100
184103164787186,Dr. Barbaros Hayrettin Mahiroğulları,Barbaros Hayrettin Mahiroğulları,≤100
158845367304881,Rahman Şeker,Rahman Şeker,≤100
324730978115495,Les créas de Pimounette,These ads ran without a disclaimer,≤100
288794151744772,Tom Hiddleston,These ads ran without a disclaimer,≤100
105486988376940,Borsa Uzmanı,These ads ran without a disclaimer,≤100
106288915400567,Yandaş Medya TV,Yandaş Medya TV,≤100
442968449095735,COACH USA  by Avee,These ads ran without a disclaimer,≤100
151664428026902,Kkkavvasss,These ads ran without a disclaimer,≤100
171330952965393,Çankaya Belediyesi,These ads ran without a disclaimer,≤100
185662291295414,Hakan Yiğit CHP,Hakan Yiğit,≤100
207761672417300,Ömür Yüksel,Ömür Yüksel,≤100
177536365443914,SARAP GROUP,These ads ran without a disclaimer,≤100
112630718324064,Ergün Kıran,Ergün Kıran,≤100
115279611654192,Sma.onur,These ads ran without a disclaimer,≤100
163216300217191,Ali Coşkun,Pandastic Studio,≤100
177484305441095,Emrah Karan,Emrah Karan,≤100
200209759835986,İ. Kaan mandıroğlu,kaanmandıroğlu,≤100
109940957974089,nekangroup1,These ads ran without a disclaimer,≤100
872708822810003,Kadirli Belediyesi,Kadirli Belediyesi,≤100
147133621817980,Ahmet Atakan ERTUĞ,Ahmet Atakan ERTUĞ,≤100
314386289265240,ALİ ZAFER İKSİR,ALİ ZAFER İKSİR,≤100
381673969003358,Mustafa Turgut,Mustafa Turgut,≤100
237176972803231,Ramazan Duran,Emrah Uyan,≤100
1769045856756372,ศูนย์อบรมระยะสั้นในกลุ่มคริสตจักรซีซีเอ็มเอ,These ads ran without a disclaimer,≤100
28312410177,World Food Programme,These ads ran without a disclaimer,≤100
101699322247607,Jesse Ciara,These ads ran without a disclaimer,≤100
492522324185033,Cemil Yıldız,Cemil Yıldız,≤100
1415068002043060,Haber Kelkit,Haber Kelkit,≤100
113899911771000,SMA Mihra Helin,These ads ran without a disclaimer,≤100
1930475813747433,Anket Araştırma Merkezi,Anket Araştırma Merkezi,≤100
191262294065039,Onur Erinç,Onur Erinç,≤100
137657169436455,Umay Bebek,Umay Bebek,≤100
101319864990486,BTP Ankara,BTP Ankara,≤100
101949464550960,Serhat Türkel,Serhat Türkel,≤100
176120022241730,Melisa Yaşasın Yedek,These ads ran without a disclaimer,≤100
101837288924546,Muslimi,These ads ran without a disclaimer,≤100
262321047935847,Haşim Tuluk,Haşim Tuluk,≤100
117259270402783,Aziz Ali'ye Umut Ol,These ads ran without a disclaimer,≤100
592831208059988,Milcah Ladonna,These ads ran without a disclaimer,≤100
161778197023162,Şakir Demirel,Şakir Demirel,≤100
365330117576683,Filiz Ceritoglu Sengel,Filiz Ceritoglu Sengel,≤100
152096764650485,Zafer Partisi Osmaniye,Zafer Partisi Osmaniye,≤100
1858043861136663,Ali Rıza Akyüz,Ali Rıza Akyüz,≤100
161104610417011,Green book,These ads ran without a disclaimer,≤100
180265675159418,Elanur DEM,These ads ran without a disclaimer,≤100
246713796014129,Bünyamin Uçar,Bünyamin Uçar,≤100
172066342662381,Sosyal Yardim,These ads ran without a disclaimer,≤100
106143258870276,SMA ZEHRA DAĞ,These ads ran without a disclaimer,≤100
106459518734354,Mftool.vip 33544101,These ads ran without a disclaimer,≤100
105072077806741,Florence Alva,These ads ran without a disclaimer,≤100
217875641403340,Recep Yakar,Recep Yakar,≤100
110471555281943,Poddy Türkiye,Poddy Türkiye,≤100
433391293752258,Sefer Alkan,Sefer Alkan,≤100
109327808866918,School Innovation,These ads ran without a disclaimer,≤100
103400816031847,Halk Ajans,Sirius Reklam Organizasyon Sanayi ve Ticaret Ltd. Şti,≤100
121419370899596,Space Fiends,These ads ran without a disclaimer,≤100
100496004672621,Halil İbrahim Özgün,Halil İbrahim Özgün,≤100
799230903599709,Ahmet Sarıkurt,Ahmet Sarıkurt,≤100
137066766167817,Koray Kaplan,Koray Kaplan,≤100
172932955893106,Erol Aydın - CHP Sarıyer Belediye Başkan A. Adayı,Erol Aydın,≤100
105424640803008,TRT World Forum,These ads ran without a disclaimer,≤100
174726445718574,iskmlrcdsfsvergiaidatsal,These ads ran without a disclaimer,≤100
116849714760344,Future Capital,These ads ran without a disclaimer,≤100
111043587006333,GAİN,GAİN,≤100
834954409860187,Gamze Akkuş İlgezdi,Güven sezer Yaman,≤100
369391953226531,Eyüp Eroğlu,Eyüp Eroğlu,≤100
114263155079757,Sma Denize Umut Ol,These ads ran without a disclaimer,≤100
181298201729787,Bahadır Gültekin,Bahadır Gültekin,≤100
109770988509826,Successful thumb,These ads ran without a disclaimer,≤100
213616611828971,gizemguneser01,These ads ran without a disclaimer,≤100
103765399045854,Kerim Çomoğlu,Kerim Çomoğlu,≤100
102643431228986,Bertram Gina,These ads ran without a disclaimer,≤100
111385625155754,Sma Bekir'e Umut Olalım,These ads ran without a disclaimer,≤100
203750799482895,Yavuz Kurt,Yavuz Kurt,≤100
784776401869262,مدرستي,These ads ran without a disclaimer,≤100
276652289141318,OSMAN KOZAN,OSMAN KOZAN,≤100
219079864968178,Bundle,These ads ran without a disclaimer,≤100
121482348032599,Devrim Kök,Devrim Kök,≤100
180082965184639,AKIN POROY CHP Mudanya,bbursa,≤100
116665504857243,Başka Açıdan TV,Başka Açıdan TV,≤100
173597676014818,Galip Karayiğit,Galip Karayiğit,≤100
101352592814566,Drİsmail Akbıyık,Drİsmail Akbıyık,≤100
111978807813841,Angela Assisi,These ads ran without a disclaimer,≤100
546516462367973,مهاجر نیوز - InfoMigrants Dari,These ads ran without a disclaimer,≤100
174558225923716,KRONE Trailer,These ads ran without a disclaimer,≤100
146670711865584,batumotors,These ads ran without a disclaimer,≤100
111322625264124,Ömer Sunay,These ads ran without a disclaimer,≤100
116799818006920,dijibiztr,These ads ran without a disclaimer,≤100
185231651345500,Sercan Çığgın,Meta Bilgi Teknolojiler,≤100
109486723766500,Adnan Kaçire,Adnan Kaçire,≤100
133815409817784,Açelya Tırpan,These ads ran without a disclaimer,≤100
200954603092856,Ramazan Uğural,Pandastic Studio,≤100
231327076720592,Osman Tarık Özçelik,Osman Tarık Özçelik,≤100
106197277802679,Mustafa Dilek,Mustafa Dilek,≤100
614963738631765,Banses Gazetesi,Banses Gazetesi,≤100
332747510609778,Ajinomoto Türkiye,These ads ran without a disclaimer,≤100
135869119611619,Bro Mert Parlak,These ads ran without a disclaimer,≤100
100184412997896,38at034,These ads ran without a disclaimer,≤100
207184542475969,Fesih Zeki Mert Seçim 2024,fesih zeki mert,≤100
203231572867123,İsmail Kav,İsmail Kav,≤100
113380316679818,KPSS'nin Anahtarı,These ads ran without a disclaimer,≤100
126111317250031,Sma_aliefe,These ads ran without a disclaimer,≤100
224752457380100,Sabah 24,These ads ran without a disclaimer,≤100
207091709144312,Özkan Köseoğlu,Özkan Köseoğlu,≤100
140114509194961,Sami Kılıç,Sami Kılıç,≤100
158077404753235,Çanakkale Zafer Gazetesi,Çanakkale Zafer Gazetesi,≤100
107861405042264,Mehmet Ali Fırat,Mehmet Ali Fırat,≤100
151066191427950,dreamsindetaill,These ads ran without a disclaimer,≤100
114141677114019,Necdet Türk,Necdet Türk,≤100
1188251217866222,İlker Gürbüz,İlker Gürbüz,≤100
166266179903858,Emel Özden,Emel Özden,≤100
1017749618292676,Hamdullah ARVAS,Hamdullah ARVAS,≤100
1144632805553222,Sevdamız Söke,Sevdamız Söke,≤100
116237861574842,İsmail Akkuş,İsmail Akkuş,≤100
189187280936443,Yusuf Erkaya,Ajans Afilli Şerife Eroğlu,≤100
169538139733939,TheMagger,These ads ran without a disclaimer,≤100
210185072169942,Ali Özgan,Ali Özgan,≤100
184428831411426,Günay Şahin,Günay Şahin,≤100
167121033158887,Yılmaz Adana,Yilmaz Adana,≤100
162338003638442,Samet Demirci,SAMET DEMİRCİ,≤100
109514177857013,Yeniden Refah Partisi Simav,Yeniden Refah Partisi Simav İlçe Başkanlığı,≤100
122095080488014053,Sma Elif Nevra,These ads ran without a disclaimer,≤100
106184705429254,Mftool.vip 43850472,These ads ran without a disclaimer,≤100
1947918121981611,Enoch Ademan,These ads ran without a disclaimer,≤100
505992806138474,يني شفق العربية,يني شفق العربية,≤100
226987293820910,Engin Zeren,Engin Zeren,≤100
107399659130191,bizantenden_masallar,These ads ran without a disclaimer,≤100
672965292812503,CHP Bursa İl Başkanlığı,CHP Bursa İl Başkanlığı,≤100
108076168873557,Burak Diyarbakırlıoğlu,Burak Diyarbakırlıoğlu,≤100
1437665699815071,Doğruluk Payı,Dogruluk Payı,≤100
825895470758933,Hüseyin OPRUKÇU,Hüseyin OPRUKÇU,≤100
102634498645932,TV5 EGE,TV5 EGE,≤100
108309834987166,Ulaş Toros,Ulaş Toros,≤100
109544169680756,مجموعة مارينا للاستشارات القانونية وخدمات السياحة والسفر,These ads ran without a disclaimer,≤100
114372281762352,antalyaozalitcopycenter,These ads ran without a disclaimer,≤100
108617341614871,Elpinshisatan666,These ads ran without a disclaimer,≤100
104600065205025,Mustafa Baş,Mustafa Baş,≤100
191197637408668,Bukle Erman,BUKLE ERMAN,≤100
216734241514787,Hüseyin Remzi Gökbulak,Hüseyin Remzi Gökbulak,≤100
104673902279375,Yankı Haber,Yankı Haber,≤100
246804888805448,HACI BİLAL ASLAN,HACI BİLAL ASLAN,≤100
363361037347874,Mehmet ŞAHİN,Mehmet ŞAHİN,≤100
1406138982850262,Muammer Barışkan,Muammer Barışkan,≤100
577263849368473,Mehmet Murat Çalık,Mehmet Murat Çalık,≤100
1439479272781823,Tabiat Tarım,These ads ran without a disclaimer,≤100
196265503568392,Serdar Yavaşoğlu,Serdar Yavaşoğlu,≤100
167275614101716,Erol Güngör,Erol Güngör,≤100
168213229717406,T.C Ender Balaban,Ender BALABAN,≤100
823064441165195,Siyasal Strateji,These ads ran without a disclaimer,≤100
198696229985123,İrfan Önal,İrfan Önal,≤100
101676781827774,İsmail Aynacı,İsmail Aynacı,≤100
164594040076034,Coşkun Öncel,Coşkun Öncel,≤100
100260422954915,ehsan.sanaei1,These ads ran without a disclaimer,≤100
442942082484899,Ege Gündem Gazetesi,Ege Gündem Gazetesi,≤100
104475058197711,Esmiyor,These ads ran without a disclaimer,≤100
110162735278270,ikizlere_umutol,These ads ran without a disclaimer,≤100
174705659061205,Av. Sibğetullah Şahin,Sibğetullah Şahin,≤100
532544880489898,Fidan Aslan Eroğlu,Fidan Aslan Eroğlu,≤100
101503968019451,Ferhat Yılmaz,Ferhat Yılmaz,≤100
593311900708788,İnegöl Okur Gazetesi,İnegöl Okur Gazetesi,≤100
130383653491259,Mücahit Tatar,Mücahit Tatar,≤100
546490742090073,Şems ÇAKIROĞLU,Şems ÇAKIROĞLU,≤100
186142371241847,HAKAN ÜNSAL,Hakan Unsal,≤100
102177104479514,Drake Donald,These ads ran without a disclaimer,≤100
179276456305042,Onur Kaplan,These ads ran without a disclaimer,≤100
181881228347018,SMA Güney,These ads ran without a disclaimer,≤100
104384169250382,Ahmet Karadağ,Ahmet Karadağ,≤100
1581936098727585,Bilal Uludağ,Bilal Uludağ,≤100
797132000374454,Şadi Özdemir,Şadi Özdemir,≤100
174571389071553,Fatih Özçiçek,Fatih Özçiçek,≤100
104156024801697,Hüseyin Coşkun,Hüseyin Coşkun,≤100
1043073285862536,Metin Ok Sayfası,Metin OK,≤100
182450304959486,Enstitü Yayınları,Enstitü Yayınları,≤100
1226332344181280,Samsun Yeni Haber,çalışan bilişim,≤100
189977107536612,منصة سييرا التعليمية,These ads ran without a disclaimer,≤100
192924493895102,Smafatmazehra,These ads ran without a disclaimer,≤100
196872466840124,Aydın Canbolat,Aydın CANBOLAT,≤100
122104353014004211,Tarkan Akıllı,Tarkan Akıllı,≤100
114450308276847,fagosismikizolasyon,These ads ran without a disclaimer,≤100
162980263574701,Osman Gökmen,Osman Gökmen,≤100
815048841929079,M. Ergün Turan,These ads ran without a disclaimer,≤100
177898715412002,smadoruk_yedek,These ads ran without a disclaimer,≤100
173943046133186,Recep YAKAR,Recep YAKAR,≤100
242154123566064,Ertolon Matbaa Reklam,Ertolon Matbaa Reklam,≤100
101202445921314,agartha.agartha,These ads ran without a disclaimer,≤100
100631128948751,Lisia Kita - GRH,These ads ran without a disclaimer,≤100
102140888898332,SAFA TARIM A.Ş.,SAFA TARIM A.Ş.,≤100
119683347741272,Emrah Bektaş,Emrah Bektaş,≤100
831405307219875,A.Burak Kunt,A.Burak Kunt,≤100
174664829063630,Emrah Baştan,emrah baştan,≤100
107553488589514,smanuhalpereneumutol,These ads ran without a disclaimer,≤100
222900887565661,İletişim Bakanlığı,These ads ran without a disclaimer,≤100
167493553121316,Barış Özreçber,Barış Özreçber,≤100
302777733607305,Engin Murat Özdemir,İleri SMS,≤100
161221600418551,BOTAŞ,These ads ran without a disclaimer,≤100
717936844927832,Mustafa Korkut,Mustafa Korkut,≤100
1596249633816105,Doruğa Umut Olurmusun,These ads ran without a disclaimer,≤100
204060472788811,Ebru Şimdi,Ebru Şimdi,≤100
188277591030451,Feyzi Utaş,Feyzi Utaş,≤100
410204756016202,Gemlik Manşet,Gemlik Manşet,≤100
106221809054409,Seval Ödemiş,Seval Ödemiş,≤100
109359368745193,Schengen Vizesi,These ads ran without a disclaimer,≤100
108617279011311,MateVidz,These ads ran without a disclaimer,≤100
354633645166845,Çöllü Eczanesi,These ads ran without a disclaimer,≤100
187900897748016,Botaş,These ads ran without a disclaimer,≤100
136970632842236,Kamil ÜNAL,KAMİL ÜNAL,≤100
165300540586852,Cemil Deveci,Cemil Deveci,≤100
103984509238399,Halk Haber,Halk Haber,≤100
184096531447991,CHP Özgür Arıcı,CHP Özgür Arıcı,≤100
101947774726621,Murat Yılmaz,Murat Yılmaz,≤100
177665038764026,Abdülnaser Şimşek,Dou Agency,≤100
105356281823283,Adlıhan DERE,Antalya Esnaf ve Sanatkarlar Odaları Birliği,≤100
588319621318434,Op.Dr. Mustafa Seven -İş İnsanı-Samgüdef Başkanı,Op.Dr. Mustafa Seven - Samgüdef,≤100
203344259521931,Timurlenk Bozoğlan,Timurlenk Bozoglan,≤100
114166151621629,Seaside 108,These ads ran without a disclaimer,≤100
113133323449799,Prof. Dr. Berk Burgu,These ads ran without a disclaimer,≤100
102256947952166,İbrahim Alagöz,İbrahim Alagöz,≤100
552260448501128,Çan'ın Sesi,Çan'ın Sesi,≤100
563004657525479,Yomra Belediyesi,These ads ran without a disclaimer,≤100
565167106929193,SOCAR Türkiye,These ads ran without a disclaimer,≤100
329468817187460,Gürbüz Bal,Gürbüz Bal,≤100
145178235335727,Yaşar Özdemir - Kastamonu Ak Parti Belediye Başkanı Aday Adayı,Yaşar Özdemir - Kastamonu Ak Parti Belediye Başkanı Aday Adayı,≤100
173565255846105,Mustafa Özsoy,Mustafa Özsoy,≤100
113578705009657,Ali Kurt,Ali Kurt,≤100
1851092698286306,Emre Özçelik Ataşehir Bağımsız Belediye Başkan Adayı,Emre Özçelik Ataşehir Bağımsız Belediye Başkan Adayı,≤100
104360608166960,ERTAN HABER,ERTAN HABER,≤100
215158578510066,Ümit Özdağ,Ümit Özdağ,≤100
100953646338221,ulasgeroglu,These ads ran without a disclaimer,≤100
171833439339935,Smaasd344,These ads ran without a disclaimer,≤100
117186571396184,Bi ihtimal,These ads ran without a disclaimer,≤100
107276120819529,Halk Haber TV,SİRİUS REKLAM ORGANİZASYON SANAYİ VE TİCARET LİMİTED ŞİRKETİ,≤100
100440548190596,Ahmet ŞEN,Ahmet ŞEN,≤100
198582493330348,Ali Demirçalı,Ali Demirçalı,≤100
501441606636853,Suat İstanbul,Suat İstanbul,≤100
192043453988192,Mehmet Ertaş Edremit,Mehmet Ertaş,≤100
111619498558683,Karapınar MEDYA,Karapınar MEDYA,≤100
110640794902567,av.cankirtorun,These ads ran without a disclaimer,≤100
106194605501601,dijitalhafizamerkezi,These ads ran without a disclaimer,≤100
102031251244639,Genius Academy,These ads ran without a disclaimer,≤100
102620539377556,Mustafa Karaman,Mustafa Karaman,≤100
114623798334636,Dilek Acar GÜLEÇ,Dilek Acar GÜLEÇ,≤100
1620080691588973,Serkan SARI,Serkan SARI,≤100
263497014353032,Mehmet Bayram,Mehmet Bayram,≤100
141267099071081,Beytül Kurtoğlu,Beytül Kurtoğlu,≤100
216813064842324,Sila İLGİ AKKAŞ,Sıla İLGİ AKKAŞ,≤100
232147793569479,Develon Emerging Market,These ads ran without a disclaimer,≤100
2018278908402927,Uğurhan Atma,Uğurhan Atma,≤100
1909881989079627,Şeref Çetin,Şeref Çetin,≤100
103321189131424,Bmcv,These ads ran without a disclaimer,≤100
131718003511085,AVUKAT HAYDAR DEMİR,AVUKAT HAYDAR DEMİR,≤100
114770488263038,eertanyildirim,These ads ran without a disclaimer,≤100
112624738583542,RN Medya,RN Medya,≤100
100667923030810,ayydemirzehranur,These ads ran without a disclaimer,≤100
911466802392220,Nezih Yalçın - Akdağmadeni Belediye Başkanı,Nezih Yalçın - Akdağmadeni Belediye Başkanı,≤100
104135499236743,Mustafa Toklu,Mustafa Toklu,≤100
104166898770490,Manisa Meydan Gazetesi,Manisa Meydan Gazetesi,≤100
198232736698878,Huseyinozkahraman,Hüseyin Özkahraman,≤100
185085391335298,Temur İbrahim,Temur İbrahim,≤100
745779642241753,TSÜAB,Tohum Sanayicileri ve Üreticileri Alt Birliği (TSÜAB),≤100
179949955986841,Hüseyin Orhan,Hüseyin Orhan,≤100
171858212679336,Yunus Demir,These ads ran without a disclaimer,≤100
296603000354195,Zeki Aygün,These ads ran without a disclaimer,≤100
338059223484220,First Company,These ads ran without a disclaimer,≤100
2122382917784550,Şeref Albayrak Halfeti Belediye Başkanı,Şeref Albayrak Halfeti Belediye Başkanı,≤100
158035460734352,İbrahim Çakar,Hakkı CAN,≤100
304255676593422,Türkay Berberoğlu,Türkay Berberoğlu,≤100
103749645846931,CUMA Mesajları Ayet Hadis Ve Dualar,CUMA Mesajları Ayet Hadis Ve Dualar,≤100
349646078457405,Tanır Bilgisayar,Tanır Bilgisayar,≤100
107017478969831,Özgür Türkiye,Özgür Türkiye,≤100
105737815017338,imtiyazkaymakamlik,These ads ran without a disclaimer,≤100
111817465076254,Erol Özkan,Erol Özkan,≤100
192876700568706,Yeniden Refah Partisi İnegöl İlçe Başkanlığı,Yeniden Refah Partisi İnegöl İlçe Başkanlığı,≤100
342041456634126,İsmail Akgül,İsmail Akgül,≤100
113066257072655,Çınar Topuz,These ads ran without a disclaimer,≤100
163370640412446,Bursa,Sosyal TV,≤100
1093710237307888,TV 9,TV 9,≤100
123452337523781,Fuzul Topraktan,These ads ran without a disclaimer,≤100
107907228944955,ruyatabircisivekahinayse,These ads ran without a disclaimer,≤100
103122251861474,muratcollection.jp,These ads ran without a disclaimer,≤100
117872171289328,Osman Nuri Nazlier,Osman Nuri Nazlier,≤100
106229452010717,500tlkazanyatirimsiz,These ads ran without a disclaimer,≤100
105329881493726,Rüstem Çetinkaya,Temmer Marble,≤100
109818264689688,Eskişehir Web Tasarım,Eskişehir Web Tasarım,≤100
112628931811985,HaberVakti,Haber Vakti,≤100
139411182831922,Fatih Belediyesi,Fatih Belediyesi,≤100
101960862711599,Ahmet Selim Yucel,Ahmet Selim Yucel,≤100
176599572184835,İbrahim Alpay Demirtaş,İbrahim Alpay Demirtaş,≤100
114085377034205,kemalsahin1,These ads ran without a disclaimer,≤100
175366545663137,cemalkarademirfinansal,These ads ran without a disclaimer,≤100
185129194677653,Kamil Ünal,KAMİL ÜNAL,≤100
1862390224059141,Erol Kahraman,Erol Kahraman,≤100
109007298600122,Gurbet Hikayeleri,Gurbet Hikayeleri,≤100
106182912571884,Yaşar Ermiş,Yaşar Ermiş,≤100
178467352022798,Necati Murat Uygun,These ads ran without a disclaimer,≤100
110892588430540,Alexis Mendez,These ads ran without a disclaimer,≤100
132579703276404,gez.gor.paylas_,These ads ran without a disclaimer,≤100
100733471908720,demirtastc,These ads ran without a disclaimer,≤100
104396109223726,avaysenmustuofficial,These ads ran without a disclaimer,≤100
111511345114328,Banu Aykan.  İYİ PARTİ,These ads ran without a disclaimer,≤100
128558620350961,Muhammet Kamil IŞIK,Muhammet Kamil IŞIK,≤100
215141782355020,Şener SÖĞÜT,Şener SÖĞÜT,≤100
1616392421919867,Denge ve Denetleme Ağı,Denge ve Denetleme Ağı,≤100
104146132506924,Kemal Doyuran,Kemal Doyuran,≤100
102023393003936,Tuval Medya,These ads ran without a disclaimer,≤100
170818226118302,Devrim BALI,Devrim BALI,≤100
105914741790165,Hubert Kieran,These ads ran without a disclaimer,≤100
720377467979317,Pro-Dados Sistemas,These ads ran without a disclaimer,≤100
1364449807031125,Finesuits,These ads ran without a disclaimer,≤100
138817311667324,Turkkahvesi.com.tr,These ads ran without a disclaimer,≤100
105370012290787,Melih Yıldız,Melih Yıldız,≤100
103093781069074,Türkiye İşveren Sendikaları Konfederasyonu,Türkiye İşveren Sendikaları Konfederasyonu,≤100
105087008455462,Halkın Sesi TV,Halkın Sesi TV,≤100
549579538907553,Erhan ÖZHAN I Kayseri,Erhan ÖZHAN I Kayseri,≤100
101513841785199,Mustafa Gökçe,Mustafa Gökçe,≤100
166232609913530,Cemal Kobaş,golden dijital medya,≤100
824977567573075,Süleyman Tarık Balyalı,S.Tarık Balyalı İBB ve Pendik Belediyesi Meclis Üyesi,≤100
336550450270911,İskilip Belediye Başkanı Ali Sülük,İskilip Belediye Başkanı Ali Sülük,≤100
196679363519898,Ergül Şimşek Batman,Ergül Batman,≤100
163100670227229,Fırat Bırkan,Fırat Bırkan,≤100
26181341565,LÖSEV,These ads ran without a disclaimer,≤100
177892245584031,Canik Belediyesi,These ads ran without a disclaimer,≤100
100581622987309,Salih Aydın,SALİH AYDIN,≤100
103895895516383,Art Property - Real Estate Alanya,These ads ran without a disclaimer,≤100
194104180444744,Cevat Öncü,Cevat Öncü,≤100
116108505131797,İsmail Erdem,İsmail Erdem,≤100
104269002691554,Dursun ÜNLÜ,Dursun ÜNLÜ,≤100
189685347561360,Münir Sirhan Özen,Balçova Özen İster,≤100
1406917839372661,Ulaş Çetinkaya,Ulaş Çetinkaya,≤100
105607902181335,İzindeyiz Mavi Gözlüm,İzindeyiz Mavi Gözlüm,≤100
108503538669167,Koca Yürekli Adam,Koca Yürekli Adam,≤100
121537691053298,《 خدمات عامة 》,These ads ran without a disclaimer,≤100
1614212022160759,Fehmi Yağlı,Fehmi Yağlı,≤100
285711652034176,Demirhan ELÇİN,These ads ran without a disclaimer,≤100
724572417900879,Muhammed Emin Yalçınkaya,Muhammed Emin Yalçınkaya,≤100
191478327375379,It changes,These ads ran without a disclaimer,≤100
187770561075543,شركه الكينج,These ads ran without a disclaimer,≤100
251287465779074,Mehmet Kurt,Mehmet Kurt,≤100
139666549240944,Serdar Kurşun,Orhan Şahin,≤100
268287743192394,Antalya Ticaret ve Sanayi Odası,Antalya Ticaret ve Sanayi Odası,≤100
152176094654834,Kenan Aşer,Kenan Aser,≤100
105447900970455,Ahmet Özdemir - CHP Kağıthane Belediye Başkanı Aday Adayı,Ahmet Özdemir - CHP Kağıthane Belediye Başkanı Aday Adayı,≤100
168578623007332,Taner Yıldız,Akz Ajans,≤100
109983558841716,halilibrahimozer87,These ads ran without a disclaimer,≤100
195545076966835,smamuhammedyusufaktas,These ads ran without a disclaimer,≤100
352176072180752,Ahmet Cin,Ahmet Cin,≤100
781894278835757,Mehmet KANAR,These ads ran without a disclaimer,≤100
100831549358373,Ahmet ERGİN.,Ahmet ERGİN.,≤100
100516989042507,Balıkesir Posta TV,Balıkesir Posta TV,≤100
420235368167321,Samsun Haber Ajansı SHA,Samsun Haber Ajansı SHA,≤100
1479020042365400,Aydın Kent Rehberi,Aydın Kent Rehberi,≤100
734572063273378,Orhangazi Hazır,Orhangazi Hazır,≤100
557866130988813,Çiftçi TV,These ads ran without a disclaimer,≤100
370802392936678,Antalya Muratpaşa Belediyesi,Antalya Muratpaşa Belediyesi,≤100
100128835047378,İnegöl'ün Nabzı,İnegöl'ün Nabzı,≤100
103697775644848,On Bir Meridyen,These ads ran without a disclaimer,≤100
113754780320771,hhocaninsinifi,These ads ran without a disclaimer,≤100
119113264476147,Dicas Incríveis,These ads ran without a disclaimer,≤100
870681799672742,ASLI'ya NEFES OL,These ads ran without a disclaimer,≤100
114257928600065,Tolga Çilingir - Politika,Tolga Çilingir - Politika,≤100
463215923715177,Mehmet Yiğiner,Mehmet Yiğiner,≤100
220565644464562,CHP Sefer Topçu,Sefer Topçu,≤100
1190413291060390,Yasin Kartoğlu,These ads ran without a disclaimer,≤100
113719210399861,Yasin Ergül,Yasin Ergül,≤100
100605498700028,BAHAR ÖNAL,BAHAR ÖNAL,≤100
2334880246618883,Murat Kudret,Murat Kudret,≤100
220942191096706,AB BM,These ads ran without a disclaimer,≤100
101192232736297,GLOOB,GLOOB,≤100
1602885323278080,Sadi Sürenkök,Sadi Sürenkök,≤100
1161695090662886,İsmail Say,İsmail Say,≤100
821150371248664,Özgürlük Araştırmaları,These ads ran without a disclaimer,≤100
175524578985338,Muhammed Evren Kale,DEVA PARTİSİ ŞEHİTKAMİL İLÇE,≤100
112588705115468,ÖMER ŞAHİN,ÖMER ŞAHİN,≤100
188055221060696,Yazgan Kadir,Hummel Agriculture,≤100
102205014672852,makromusic for Spotify,These ads ran without a disclaimer,≤100
772714009485866,Türkiye Beyazay Kocaeli Şubesi,These ads ran without a disclaimer,≤100
228209560365529,Özgül Matbaacılık -3-,These ads ran without a disclaimer,≤100
1688458138057250,Büyükşehir Haber,Büyükşehir Haber,≤100
320343148103104,AK Parti Afyonkarahisar İl Başkanlığı,AK Parti Afyonkarahisar İl Başkanlığı,≤100
119754847882565,Zasparagas TV - Sokak Röportajları,Zasparagas TV - Sokak Röportajları,≤100
191453580768,Yeni Şafak,Piri Medya Anonim Sirketi,≤100
196717326852339,Yusuf Kılınç,WMedia,≤100
161063617352762,AK Parti Zonguldak İl Başkanlığı,AK Parti Zonguldak İl Başkanlığı,≤100
140511745820691,Mehmet Çağdaş Hair Artist,These ads ran without a disclaimer,≤100
175659018962583,meme_corner_0100,These ads ran without a disclaimer,≤100
1707838526169960,Buback Publicidade,These ads ran without a disclaimer,≤100
119538021137365,Areda PİAR,Areda PİAR,≤100
142708948932918,ibrhmcicekci,These ads ran without a disclaimer,≤100
108399335459403,Reklam Lütfen,These ads ran without a disclaimer,≤100
634923733352109,Erol Bektaş,Erol Bektaş,≤100
185089411346070,Soner Yılmaz,ctk gurup,≤100
2222003764721494,Halit Doğan,Halit Doğan,≤100
283943125096977,Erhan Güzel,Erhan Güzel,≤100
648798238593952,Vatan Partisi Çankaya,Vatan Partisi Çankaya,≤100
106074742350645,ekonomikdayanisma,These ads ran without a disclaimer,≤100
2008724582777160,Nevin Sayman,Nevin Sayman,≤100
102332971381015,Eyyüp Tekiner,Eyyüp Tekiner,≤100
133190413220568,Emin Palalı Bodrum,fikret hıdır,≤100
112589435185008,Alper ŞEN,Alper ŞEN,≤100
285711652034176,Demirhan ELÇİN,Demirhan ELÇİN,≤100
109281337885601,Tespihci Serhat Bilgin,These ads ran without a disclaimer,≤100
265968730784341,Üzeyir Yıldırım,These ads ran without a disclaimer,≤100
104618579054512,nismilal,These ads ran without a disclaimer,≤100
189962161189070,İsmailağa Camii,İsmailağa camii,≤100
104599884513374,Diving Diver,These ads ran without a disclaimer,≤100
104897448816458,mrvee.dogann,These ads ran without a disclaimer,≤100
100999871692082,antikkuntikmuzayedecilik,These ads ran without a disclaimer,≤100
104048495844198,Rıza Posacı,Rıza Posacı,≤100
214757619001253,Bakalım Biz,These ads ran without a disclaimer,≤100
678793932148150,Muammer Keskin,Şişli Belediyesi,≤100
100836385699794,SÖZ SİZDE Trakya,Güncel Haber Gazetesi,≤100
562429187164086,Hilmi Türkmen,Üsküdar Belediyesi,≤100
111538095323778,Smaaliege,These ads ran without a disclaimer,≤100
121876371012331,Elanur 2,These ads ran without a disclaimer,≤100
202938756242131,Serdar Büyükgülcü,These ads ran without a disclaimer,≤100
190240557486473,rabiaa_ipek,These ads ran without a disclaimer,≤100
114089090356891,nezihehatunn,These ads ran without a disclaimer,≤100
109669391363915,TRHaber,These ads ran without a disclaimer,≤100
339012800621863,yavuzyigit_,These ads ran without a disclaimer,≤100
193535667168915,beyazevler_muhtar_adayi,These ads ran without a disclaimer,≤100
112590458461110,Hakkı Aydos,These ads ran without a disclaimer,≤100
127930947080672,goksen_tokatlioglu,These ads ran without a disclaimer,≤100
191594854041085,Eser Şenay,Eser Şenay,≤100
180270345173062,İshak Karahan,İshak KARAHAN | Rize Isımak,≤100
100746369380808,mehmetin_dogasi,These ads ran without a disclaimer,≤100
102379099136642,sihirliellercocukkampi,These ads ran without a disclaimer,≤100
100352692235559,statuakademii,These ads ran without a disclaimer,≤100
100912586443724,Diyetisyen Elif Kahraman,These ads ran without a disclaimer,≤100
204052419460896,promosyonvar,These ads ran without a disclaimer,≤100
851895401539706,Yesevi Hareketi,These ads ran without a disclaimer,≤100
751837298238889,RIP Philip Hughes,These ads ran without a disclaimer,≤100
702800386480460,Gerçek Gazetesi,Gerçek Gazetesi,≤100
1389428918022204,Kanal 5 Televizyonu,Kanal 5 Televizyonu,≤100
814612105595265,Songül Özdemir Develi,Songül Özdemir Develi,≤100
243308135735519,Aydın Ses Gazetesi,Aydın Ses Gazetesi,≤100
218443141344351,Muhammet Tuluk,emeklilikte adalet arayanlar sosyal yardımlaşma ve dayanışma derneği,≤100
108913855587097,İvazpasa Mahallesi Muhtar Adayi,İvazpasa Mahallesi Muhtar Adayi,≤100
107355475791246,Şahismail Avcı,These ads ran without a disclaimer,≤100
373571336580837,Gündem İnegöl,Gündem İnegöl,≤100
513632822104168,İnegöl Gözlem Haber,These ads ran without a disclaimer,≤100
192636463929054,Haydar Yüksel,HAYDAR YUKSEL,≤100
113810668291651,dramirhamzehzeinali,These ads ran without a disclaimer,≤100
111497825096247,esenyurtcagridernegi,These ads ran without a disclaimer,≤100
102523586287465,Esra Saydere,Esra Saydere,≤100
323258785068047,Yeniden Refah Partisi Konya İl Başkanlığı,Yeniden Refah Partisi Konya İl Başkanlığı,≤100
211704492023720,smadorukkk,These ads ran without a disclaimer,≤100
200337413171773,Mustafa Keleş,Mustafa Keleş,≤100
183616108167113,Uğur Cörüt,Uğur Cörüt,≤100
64441854721,Sırrı Sakık,These ads ran without a disclaimer,≤100
210774878778445,Recep Erol,Recep Erol,≤100
122102460458006745,Reklam Mekanı,These ads ran without a disclaimer,≤100
180392175161373,Haber 2023,These ads ran without a disclaimer,≤100
844783255600674,Başkanlık Yolunda,Başkanlık Yolunda,≤100
172252756675069,İsmail Selami Minta / Akparti Kemer İlçe Başkanı,These ads ran without a disclaimer,≤100
155980640937806,Beşiktaşlıların Yolu,These ads ran without a disclaimer,≤100
100337549489943,Mustafa Celebi Hediyelik,These ads ran without a disclaimer,≤100
1535103766758483,Zeki Demir,Zeki Demir,≤100
149366981789648,Egemen Bağış,Egemen Bağış,≤100
1518612135117894,Mersin Fikir,Mersin Fikir,≤100
283345415854103,Necip Topuz,Karataş Belediyesi,≤100
506107706201274,Antalya Esnaf ve Sanatkarlar Odaları Birliği,Antalya Esnaf ve Sanatkarlar Odaları Birliği,≤100
165865153278665,الحملة الدولية لإنقاذ غزة,These ads ran without a disclaimer,≤100
1878939355750536,Turgay Genç,Turgay Genç,≤100
888481441233787,Hayat Yolu Derneği,These ads ran without a disclaimer,≤100
109789888755501,altinsehirkoleji,These ads ran without a disclaimer,≤100
133067079897435,Bayram Gökçe,These ads ran without a disclaimer,≤100
111915961611825,suleymantrn,These ads ran without a disclaimer,≤100
117174948155476,gelecek_tuzla,These ads ran without a disclaimer,≤100
195100547900975,Astrohane,These ads ran without a disclaimer,≤100
235858501671697,Altın Karma Yayınları,These ads ran without a disclaimer,≤100
100907989768900,Ali Abbas Alay CHP,Ali Abbas Alay CHP,≤100
287385014690519,Mahmut Özyavuz,These ads ran without a disclaimer,≤100
111289618572112,Hakan Barçın,Hakan Barçın,≤100
191777527349543,SMA Fevziye Ete,These ads ran without a disclaimer,≤100
210176429868905,İrfan Çıtak,İrfan Çıtak,≤100
193001410560356,Nilüfer Çınarlı Mutlu,Nilüfer Çınarlı Mutlu,≤100
108639008366911,buyukmandirakoleda39,These ads ran without a disclaimer,≤100
259475234181362,Muğlatürk,Muğlatürk,≤100
102818209338262,Akın Yilmaz,Akın Yılmaz,≤100
102947262620273,Osman Okumuş,Osman Okumuş,≤100
102519025137777,Sosyal destek,These ads ran without a disclaimer,≤100
107420540850175,Mustafa AKIN,Mustafa AKIN,≤100
106069245666958,Köksal Ünal,Köksal Ünal,≤100
351654695567124,Düziçi Siyaset,Düziçi Siyaset,≤100
105759509298082,Emine Kardelen,Emine Kardelen,≤100
48898108914,Selahattin ÖZGÜNDÜZ,These ads ran without a disclaimer,≤100
137252979482193,Durmuş Aydın,Durmuş Aydın,≤100
138608902659095,Erdal Gezen,Erdal Gezen,≤100
153227937865342,Rıdvan Akkaya,RIDVAN AKKAYA,≤100
388525784678942,LG Chem,These ads ran without a disclaimer,≤100
120526908105389,AK Gençlik Çorlu,AK Gençlik Çorlu,≤100
101960862711599,Ahmet Selim Yucel,Ahmet Selim Yücel,≤100
169754452896584,Hakan  Suvari,Hakan Suvari,≤100
144096473392,Yeşil Gazete,Yeşil Gazete,≤100
101921469119088,13 Yildiz Yetimler Vakfı,These ads ran without a disclaimer,≤100
215215705001551,M. Onur Bozkurter,M. Onur Bozkurter,≤100
112091540322055,maasmodaofficial,These ads ran without a disclaimer,≤100
101793829445433,Volkan Şimşek,These ads ran without a disclaimer,≤100
103321705410720,polat_travel,These ads ran without a disclaimer,≤100
193018733891478,Erdinç Kargidan,Erdinç Kargidan,≤100
529361357567752,Serhat Oğuz,Serhat Oğuz,≤100
200772516445716,Barboros Dulkadiroğlu,Barabaros dulkadiroğlu,≤100
102849951230691,المسار للدراسات الإنسانية,المسار للدراسات الإنسانية,≤100
172391449292893,Sma aybüke,These ads ran without a disclaimer,≤100
302818329858213,Orhan Ekici,Orhan Ekici,≤100
219287327926508,Bohem TV,Hawlart,≤100
358076954554655,gztmzt,These ads ran without a disclaimer,≤100
112656681881610,Melike Şahin,These ads ran without a disclaimer,≤100
442270952898050,Ahmet Sel,Ahmet Sel,≤100
100402125367987,damlatheillustrator,These ads ran without a disclaimer,≤100
196266890232206,Ali Turan,These ads ran without a disclaimer,≤100
336550450270911,İskilip Belediye Başkanı Ali Sülük,These ads ran without a disclaimer,≤100
105809489455190,Haberciniz,Haberciniz,≤100
100939478640264,Gazete Oksijen,These ads ran without a disclaimer,≤100
182976588224839,LİNDA,These ads ran without a disclaimer,≤100
157785220748682,Anketoloji,Anketoloji,≤100
101720426183569,Türkiye'nin Haberi,Türkiye'nin Haberi,≤100
2068706699824406,Kadir Aydar,Kadir Aydar,≤100
105910714442811,Shefame,These ads ran without a disclaimer,≤100
1407664829448583,Dem Parti,Dem Parti,≤100
467841120635291,Arthill Müzecilik,These ads ran without a disclaimer,≤100
132358017436957,Memduh Büyükkılıç,These ads ran without a disclaimer,≤100
1604958276192112,Alper Taban,Alper Taban,≤100
229372477246646,Alemdar Öztürk,Alemdar Öztürk,≤100
112163921768017,Elips Haber,FAB Yayıncılık Anonim Şirketi,≤100
175842682277111,Mustafa Bekar CHP/Didim,Bursa Pro Emlak,≤100
167200629814973,Mehmet Kaygusuz,Mehmet Kaygusuz,≤100
194066577113489,Recep Kemal Akyürek,Recep Kemal AKYÜREK,≤100
222379750950876,haticeozeen,These ads ran without a disclaimer,≤100
101796545131795,umutsengel,These ads ran without a disclaimer,≤100
1278201608988716,Macun Store,These ads ran without a disclaimer,≤100
105549632062392,emelbilenoglu_official,These ads ran without a disclaimer,≤100
750204785339261,Mustafa Akın Özerdem,Mustafa Akın Özerdem,≤100
131240679870223,manilferoglu,These ads ran without a disclaimer,≤100
446851818747824,TESAM,These ads ran without a disclaimer,≤100
104674828463726,uzman_hocalar,These ads ran without a disclaimer,≤100
112981280833376,Kálmán_Gaming_Hun,These ads ran without a disclaimer,≤100
484518008409625,Yakın Eğitim,These ads ran without a disclaimer,≤100
223210270867280,Gerze Diyanet-Sen Sinop,These ads ran without a disclaimer,≤100
116005954915369,Omer Faruk Duygun,These ads ran without a disclaimer,≤100
114310661697201,smayagizbatu,These ads ran without a disclaimer,≤100
216428235136118,Vakıf Taşdelen Su,These ads ran without a disclaimer,≤100
197385110119335,İbrahim Gürdal,1923 TV,≤100
100632662601258,dilekasan3434,These ads ran without a disclaimer,≤100
109558588028634,Promosyon Kolonya,Promosyon Kolonya,≤100
195317516999790,fener__mah_muhtar_aday,These ads ran without a disclaimer,≤100
107926658586528,Mftool.vip 44252355,These ads ran without a disclaimer,≤100
109166395449433,tekdemirmuhsin,These ads ran without a disclaimer,≤100
106937208841974,feakdeniz,These ads ran without a disclaimer,≤100
102463729612441,dr.egeoncu,These ads ran without a disclaimer,≤100
159518910584252,muhammedahmed3696,These ads ran without a disclaimer,≤100
106263905770778,Ecz. Okan Şahin,Ecz. Okan Şahin,≤100
511590459045937,Özdilek Ev Tekstili,These ads ran without a disclaimer,≤100
128686863663971,Murat Athan,Murat Athan,≤100
176070432261285,Özgür Ölçer,Özgür Ölçer,≤100
1842531352701644,We You They,These ads ran without a disclaimer,≤100
102528802748649,Geldikleri Gibi Giderler,Geldikleri Gibi Giderler,≤100
114888940432389,Medya Midas,Medya Midas,≤100
165945273419566,Kıbrıs Vakıflar İdaresi,These ads ran without a disclaimer,≤100
104685419616247,İsmail Yücel,Lonca Kurumsal Danışmanlık A.Ş,≤100
657781787689201,Üni-Per-Sen,Üniversite İdari Personel Sendikası,≤100
139917326076227,HATAY HAYRANLARI,HATAY HAYRANLARI,≤100
427667890724620,Tarkan Akıllı,Tarkan Akıllı,≤100
588319621318434,Op.Dr. Mustafa Seven -İş İnsanı-Samgüdef Başkanı,Op.Dr. Mustafa Seven -İş İnsanı-Samgüdef Başkanı,≤100
278412565608607,Söke CHP Gönüllüleri,Söke CHP Gönüllüleri,≤100
407370093070640,Kemal Bilal ÖNER,Kemal Bilal ÖNER,≤100
102899241678822,تعز تايم - Taiz time,These ads ran without a disclaimer,≤100
1945338819152484,aokaratekin,These ads ran without a disclaimer,≤100
566017950429464,Liberland TR,These ads ran without a disclaimer,≤100
102701732253780,دقائه من الحضر,These ads ran without a disclaimer,≤100
198367683349291,Ahmet Tüfekçi,Ahmet Tüfekçi,≤100
170121702857976,Fatih Doğramacı,Creamaxi Dijital,≤100
103382792344772,leventkuruoglu,These ads ran without a disclaimer,≤100
115655800294061,abdullah_sahin_44,These ads ran without a disclaimer,≤100
105777414479741,ecz.sedaates,ecz.sedaates,≤100
102978831121160,Surveyio,These ads ran without a disclaimer,≤100
108171951632407,gopkadinkoordinasyon,These ads ran without a disclaimer,≤100
109832345134392,Anketorg,Anketorg,≤100
407373806087933,Aile Dizimi Akademisi,These ads ran without a disclaimer,≤100
303100820644253,Erdoğan Karahan2,These ads ran without a disclaimer,≤100
171539362701900,""" ""DÜNYA SUSUYORDU"" :!?",These ads ran without a disclaimer,≤100
369155986755484,09 Net Haber,09 Net Haber,≤100
118601911227810,mehmetkanarbaskan,These ads ran without a disclaimer,≤100
101658709133078,antiparmesan,These ads ran without a disclaimer,≤100
281141892013797,Kına Gecesi AVM,These ads ran without a disclaimer,≤100
104467829291062,Smaberfinada,These ads ran without a disclaimer,≤100
100444339642605,isilcaseyler,These ads ran without a disclaimer,≤100
1722153478030649,Murat Uysal,Murat Uysal,≤100
123575727503594,MEXT,These ads ran without a disclaimer,≤100
101101582942698,Botas,These ads ran without a disclaimer,≤100
709352725753570,Fatih Mehmet Erkoç,Fatih Mehmet Erkoç,≤100
599570837135990,Yeniden Refah Partisi Cumayeri İlçe Teşkilatı,Yeniden Refah Partisi Cumayeri İlçe Teşkilatı,≤100
459314071262613,Zeynettin Aydın,Zeynettin Aydın,≤100
141585515697844,SebepDerneği,These ads ran without a disclaimer,≤100
2171025259612438,Tufan Akan,Tufan Akan,≤100
202933319562952,Ali Avan,Ali Avan,≤100
565449476851291,Erdoğan Tok,These ads ran without a disclaimer,≤100
176329488901937,Fikret Aktaş,Fikret Aktaş,≤100
2121003141279359,Refik Yılmaz,Refik Yılmaz,≤100
388052428195121,Memur Gazetesi,These ads ran without a disclaimer,≤100
138196069538464,Çine Belediyesi,Çine Belediyesi,≤100
179646375240702,Ulusal Sol Parti,Ulusal Sol Parti,≤100
103364071239790,Kırşehir Kısa Haber,Kırşehir Kısa Haber,≤100
131548090051263,Fırat Birkan,Fırat Birkan,≤100
189557277580320,KPSS Mobil,These ads ran without a disclaimer,≤100
364986050274062,Taygun Altunkaya,Taygun Altunkaya,≤100
191017707427766,Sınavsız ehliyet kursu,These ads ran without a disclaimer,≤100
285575954982841,Hasan Uzunyayla,Hasan Uzunyayla,≤100
179069918622158,Nilüferköy Muhtar Adayı Sercan Yanaz,sercan yanaz,≤100
113860791689413,Türk Dünyası Gençlik Konseyi,These ads ran without a disclaimer,≤100
108942802202922,Ahmet Bozkurt,These ads ran without a disclaimer,≤100
102465275987131,moonsizeco,These ads ran without a disclaimer,≤100
106695352292033,objektifcesmehaber,These ads ran without a disclaimer,≤100
109155068934142,kpsslipsikolog.2024,These ads ran without a disclaimer,≤100
107339071461054,kutaiba_wis,These ads ran without a disclaimer,≤100
101074895441700,Tv20,These ads ran without a disclaimer,≤100
1868211423413233,Yetim Vakfı,These ads ran without a disclaimer,≤100
107440194159911,Serhat Birikim Sayfası,These ads ran without a disclaimer,≤100
390431224472952,Umut Sırdaş Demirel,Umut Sırdaş Demirel,≤100
100710101936371,defter_ci,These ads ran without a disclaimer,≤100
100701685535364,borakucukcetin,These ads ran without a disclaimer,≤100
166487586552824,İlker Çalışkan,İlker Çalışkan,≤100
170874976102032,Rıza Aydın,RN MEDYA,≤100
979723055374953,Ninova Eğitim ve Diller Kulübü,These ads ran without a disclaimer,≤100
41427278726,Cengiz Ergün,Cengiz Ergün,≤100
269235353243422,CHP Kocaeli İl Başkanlığı,These ads ran without a disclaimer,≤100
110807191926940,doctor oghuza,These ads ran without a disclaimer,≤100
394201680635484,HaberTS,These ads ran without a disclaimer,≤100
246133588748391,Manisa Büyükşehir Belediyesi,Manisa Büyükşehir Belediyesi,≤100
279716635770157,Doğrula Org,Doğrula Org,≤100
112554187889889,Fatih Adalan Blog,Fatih Adalan Blog,≤100
113796301515248,dyt.bugce.cataltepe,dyt.bugce.cataltepe,≤100
103615382052195,nurtuninggungoren,These ads ran without a disclaimer,≤100
107701018220976,yapay_cicek_al,These ads ran without a disclaimer,≤100
191968427322961,Özgür Kaplan,Özgür Kaplan,≤100
132905956741682,Medya26,Medya26,≤100
109922274953677,CheckZ,CheckZ,≤100
103630319188036,secartesbih,These ads ran without a disclaimer,≤100
116895231339714,atidegilmibu,These ads ran without a disclaimer,≤100
103859631342305,aynursdiary,These ads ran without a disclaimer,≤100
731319693645775,Dr.Şahin Eraslan,Dr.Şahin Eraslan,≤100
290368911809178,Düziçi Sabır Gazetesi,Düziçi Sabır Gazetesi,≤100
805926876122264,Suat Özçağdaş,Suat Özçağdaş,≤100
105035178920605,Fabrika Gazete,Fabrika Gazete,≤100
330534007076447,Boluda Bolu,These ads ran without a disclaimer,≤100
103098904742608,Murat Serdar Koç,Murat Serdar Koç,≤100
108441058097621,Güven KILIÇ,Güven KILIÇ,≤100
303048049842901,hygazete.com,These ads ran without a disclaimer,≤100
120734434294611,nazlicanelestekin_,These ads ran without a disclaimer,≤100
131033403437180,Emin Vahap Şimşek,Emin Vahap Şimşek,≤100
121922040994129,Teedo,These ads ran without a disclaimer,≤100
2272500692979097,Vedat Günyar,Vedat Günyar,≤100
126132170593651,Yusuf Elçi,Yusuf Elçi,≤100
299841943681524,Alanya Gazetesi,These ads ran without a disclaimer,≤100
149115854960794,aytas366,These ads ran without a disclaimer,≤100
103271759266562,İz_kitapliğim,These ads ran without a disclaimer,≤100
131968663324022,Sma Fevziye Tr,These ads ran without a disclaimer,≤100
115920988112406,Ali Mutlu,These ads ran without a disclaimer,≤100
101792149234363,gulden_serce3834,These ads ran without a disclaimer,≤100
710270169346489,BİLMENDE FAYDA VAR,These ads ran without a disclaimer,≤100
506041856143607,Saadet İnegöl,Balin Sandalye,≤100
100677388740669,bztacademycongress,These ads ran without a disclaimer,≤100
1080556122018820,Do'lu Hayat,These ads ran without a disclaimer,≤100
100377051801370,piyano_forte,These ads ran without a disclaimer,≤100
386477004760284,MUSTAFA DÜNDAR,These ads ran without a disclaimer,≤100
112621314989742,TÜGVA Lise,These ads ran without a disclaimer,≤100
110464625434931,kpsss_gencleri,These ads ran without a disclaimer,≤100
100185849759917,mehmetburakakyurek,These ads ran without a disclaimer,≤100
120344607722991,zakmedya,These ads ran without a disclaimer,≤100
165444446658277,Ergül Batman,These ads ran without a disclaimer,≤100
103350739304594,ikizlere_umutoll,These ads ran without a disclaimer,≤100
486694104698942,Yunus Emre Enstitüsü,These ads ran without a disclaimer,≤100
107077135333943,bysadan,These ads ran without a disclaimer,≤100
108903313097205,Neşet Tarhan,These ads ran without a disclaimer,≤100
139618292567263,Francie Diva,These ads ran without a disclaimer,≤100
2064731740417261,Seyyid Bilal Kabdan,These ads ran without a disclaimer,≤100
112617178446914,efendi.hazretleri.tekkesi,These ads ran without a disclaimer,≤100
168240679713250,Bu Doğru,These ads ran without a disclaimer,≤100
112360661954334,makarnaci_hoca_ile_tarih,These ads ran without a disclaimer,≤100
100362399695160,Ayyildiztesisat,These ads ran without a disclaimer,≤100
102565424930829,babil.auction,These ads ran without a disclaimer,≤100
110659175035167,psk.dr.feyzabayraktar,These ads ran without a disclaimer,≤100
127211140481223,_ltg9,These ads ran without a disclaimer,≤100
299331793733734,Engin Kaya Kuyumculuk & Mücevher,These ads ran without a disclaimer,≤100
102819979455408,turanschool.kr,These ads ran without a disclaimer,≤100
109611241339588,Ben Seçerim,Ben Seçerim,≤100
204571822742606,Merve Doğan,DMRMEDYA,≤100
196461200210813,Semra Engin,SEMRA ENGİN,≤100
329032133966314,Yüksel Mansur Kılınç,Yüksel Mansur Kılınç,≤100
112845531921578,ced fb 39872 Business,These ads ran without a disclaimer,≤100
100457809240593,halis.dernegi,These ads ran without a disclaimer,≤100
107997781958683,tutacakirfan,These ads ran without a disclaimer,≤100
109774035017731,duyguozdemir520,These ads ran without a disclaimer,≤100
212986809128401,Anadolu'm Medya,These ads ran without a disclaimer,≤100
116215914786911,Şendoğan Tekin,Şendoğan Tekin,≤100
325713554127508,Merkez Siyaset,These ads ran without a disclaimer,≤100
1922449698068218,Haber Global,These ads ran without a disclaimer,≤100
183091598218161,nazldamlaa,These ads ran without a disclaimer,≤100
635515020176914,Abdulhadi Akmugan,These ads ran without a disclaimer,≤100
100181991766952,Eski Zaman Taciri,These ads ran without a disclaimer,≤100
191811950685449,economicdatasharing,These ads ran without a disclaimer,≤100
102140069520662,nalan_ogretmen,These ads ran without a disclaimer,≤100
110345805290514,gymfreakhalicioglu,These ads ran without a disclaimer,≤100
171312576070644,servet__avci,These ads ran without a disclaimer,≤100
119974601196358,Woods Estelle,These ads ran without a disclaimer,≤100
100743772223027,Türkiye'nin Sesi,Türkiye'nin Sesi,≤100
158033710899905,Alaşehirli'misin Sen?,Alaşehirli'misin Sen?,≤100
928921137187670,ALİ UÇAK,ALİ UÇAK,≤100
157612184110450,İsmail Kösen,İsmail Kösen,≤100
164315490098737,Eray Tiryaki,Eray Tiryaki,≤100
151742841902180,İnegölün Sesi,İnegölün Sesi,≤100
104373561467884,Serhat Servet Dövenci,Serhat Servet Dövenci33,≤100
1706624339582436,Tüsiar Araştırma Danışmanlık Ltd.Şti,Tüsiar Araştırma Danışmanlık Ltd.Şti,≤100
100940719465741,Kitap Satırı,Kitap Satırı,≤100
200749583298152,Devrimci İşçi Partisi - DİP,Devrimci İşçi Partisi - DİP,≤100
192473273941082,zuleyhadolgunn,These ads ran without a disclaimer,≤100
101136958182226,Kırşehir Haber Vakti,Kırşehir Haber Vakti,≤100
128866220320508,Orhan Çakır,Çakır Şirketler Grubu,≤100
1543866969093496,Dr. Ayfer Yazkan Kubal,Dr. Ayfer Yazkan Kubal,≤100
183688368167703,Ferdi Zeyrek,MEK AJANS VE YAZILIM SAN LTD ŞTİ,≤100
101959332401734,Btp Kırşehir Btp,Btp Kırşehir Btp,≤100
2015010575442988,Ali Gökmen,Ali Gökmen,≤100
2233703893575908,Selahattin Menteş,These ads ran without a disclaimer,≤100
131037920085878,Yasin Ergül,Yasin Ergül,≤100
1641197356140403,Efeler Diyarı,Efeler Diyarı,≤100
192495070611628,İsmail Yılmaz,ismail yılmaz,≤100
144638725408699,Yakup Karaaslan,Yakup Karaaslan,≤100
146670695205308,Ömer Önal,Ömer Önal,≤100
107144158255991,Neyivarcom,These ads ran without a disclaimer,≤100
359796431475317,Mükellef,These ads ran without a disclaimer,≤100
176377105562458,Sosyal Destek,These ads ran without a disclaimer,≤100
100345912204104,Nuri Cengiz,Cumhuriyet Halk Partisi,≤100
371238119753164,Kırşehir Haber Türk,Kırşehir Haber Türk,≤100
111177488754724,formaci.yusuf,These ads ran without a disclaimer,≤100
400548060350800,Buradabaskı,These ads ran without a disclaimer,≤100
157393724113329,ahmetkaraoglanadana,These ads ran without a disclaimer,≤100
106044178559238,yelizsenyerli,These ads ran without a disclaimer,≤100
103346432700575,istanbul_turkey_75,These ads ran without a disclaimer,≤100
184713495484826,Rasim Erdoğmuş,Rasim Erdoğmuş,≤100
359047807448031,Kıbrıs Emlak Yatırımı,These ads ran without a disclaimer,≤100
168781946326888,Meltem Mete,Meltem Mete,≤100
226552087201565,İbrahim Ozan Berberoğlu,These ads ran without a disclaimer,≤100
201977959667403,Murathan Koktaş,Murathan Koktaş,≤100
132745017302662,Çadır Dünyadı,These ads ran without a disclaimer,≤100
133796703161419,Efeler Mahallesi Muhtar Adayı Gülçin Akın,These ads ran without a disclaimer,≤100
201080049758980,Faruk Özlü Fan,Biliniyo,≤100
103427304420279,Cemal Sataloğlu,These ads ran without a disclaimer,≤100
2326044340975736,ŞİFRE HABER,ŞİFRE HABER MEDYA YAYINCILIK SAN. TİC. LTD. ŞTİ,≤100
232290986907516,Change.org,These ads ran without a disclaimer,≤100
119530197756677,Halil şen,These ads ran without a disclaimer,≤100
111231684488291,melovasyon,These ads ran without a disclaimer,≤100
102046021870378,Bilim Fatih,These ads ran without a disclaimer,≤100
481582842321978,İbrahim Güzel,İbrahim Güzel,≤100
166636733203639,Doğukan Arslan,Doğukan Arslan,≤100
101440081322975,Akay Tambulut Fan,Akay Tambulut Fan,≤100
102648499172815,seymayldrlm,These ads ran without a disclaimer,≤100
122004657547630,Uluslararası Hizmet ve Yardımlaşma Derneği,These ads ran without a disclaimer,≤100
114335945028126,Record UU,These ads ran without a disclaimer,≤100
101551395075575,visneliksemtevi,These ads ran without a disclaimer,≤100
478708449566659,Islıklı OK,These ads ran without a disclaimer,≤100
166311413239432,Dolunay Bayer,Dolunay Bayer,≤100
172571942608453,ercanperisan,These ads ran without a disclaimer,≤100
831232966973190,Akdağmadeni Belediyesi,Akdağmadeni Belediye Başkanlığı,≤100
1889639014678868,Hamza Kaya,These ads ran without a disclaimer,≤100
188614447671857,Gökçe Hıdırtepe,These ads ran without a disclaimer,≤100
1617368658491749,Brisa,These ads ran without a disclaimer,≤100
105144499131615,nazmiakcay45,These ads ran without a disclaimer,≤100
184352461422212,degirmenonu.muhtar.adayi,These ads ran without a disclaimer,≤100
341409226444345,Haber Yorum Gazetesi,HABERYORUM GAZETESİ,≤100
100823816096769,deniztonyofficial,These ads ran without a disclaimer,≤100
410559885623152,Bodrum Kent Tv,Bodrum Kent Tv,≤100
149107741619462,Cafer Taşkan,Cafer Taşkan,≤100
562032273927974,Saadettin Aslan,Saadettin Aslan,≤100
199677946557777,gulsunbor,These ads ran without a disclaimer,≤100
329486967718237,Asel Promosyon,These ads ran without a disclaimer,≤100
287334535236680,Murat Haluk ÖNCEL,Murat Haluk ÖNCEL,≤100
185567294641463,Serdar Demirezer,These ads ran without a disclaimer,≤100
114851685029691,Selahattin Uzun,Selahattin Uzun,≤100
144057832127190,Sma güney bebek,These ads ran without a disclaimer,≤100
102856162623264,kadir_ugurtay,These ads ran without a disclaimer,≤100
106288772086280,cemilhoca_tarih,These ads ran without a disclaimer,≤100
112263967941909,Antikalarım.com,These ads ran without a disclaimer,≤100
1676921425862266,Ekol Lojistik Kariyer,These ads ran without a disclaimer,≤100
1415068002043060,Haber Kelkit,These ads ran without a disclaimer,≤100
189733557550671,tarsusicintolgaarslan,These ads ran without a disclaimer,≤100
179052285287902,hasdekor16,These ads ran without a disclaimer,≤100
2220839848168546,Tarabya Berberi,These ads ran without a disclaimer,≤100
113957155141602,latifaydin4747,These ads ran without a disclaimer,≤100
106060514692507,pir.itarih,These ads ran without a disclaimer,≤100
107362772630656,İletişim Yayınları,These ads ran without a disclaimer,≤100
107485710676459,Ümit Sezer,Ümit Sezer,≤100
103648641864999,Beautiful Bounce,These ads ran without a disclaimer,≤100
178024715398368,Harun Abdullah Baysal,Harun Abdullah Baysal,≤100
126729900534486,Wlofq,Akif Köroğlugil,≤100
102515642521704,Remzi ÇAYIR,These ads ran without a disclaimer,≤100
796058554104202,Kadem Ekşi,Kadem Ekşi,≤100
113782321516418,dispolitikaenstitusu,These ads ran without a disclaimer,≤100
162972050457576,Albayrak Grubu,These ads ran without a disclaimer,≤100
128866220320508,Orhan Çakır,These ads ran without a disclaimer,≤100
105601002545733,demirkan__necmettin_,These ads ran without a disclaimer,≤100
312191205937676,Harun Solak,Harun Solak,≤100
106262295794030,Efrayim Akcabel,These ads ran without a disclaimer,≤100
102284899163799,Özlü Sigorta,These ads ran without a disclaimer,≤100
104671889219965,crmbelediyesi,These ads ran without a disclaimer,≤100
101217539463859,Atatürk’ün Işığında,Atatürk’ün Işığında,≤100
786112044755564,Kemal Güneri - CHP,Kemal Güneri - CHP,≤100
267385259989130,Tavuk Dünyası,These ads ran without a disclaimer,≤100
1795860994007466,Rasim Yüksel,These ads ran without a disclaimer,≤100
108275019025362,Eayn AlMunakh,These ads ran without a disclaimer,≤100
106142837489659,Arkitekt.com,These ads ran without a disclaimer,≤100
125414413997164,snowcrosstr,These ads ran without a disclaimer,≤100
276269573117276,Mehmet Sait Başdaş,These ads ran without a disclaimer,≤100
111222047865311,yusufcaylariletarih,These ads ran without a disclaimer,≤100
107341755786588,sma_umayersozlu,These ads ran without a disclaimer,≤100
498235667237000,Biliniyo.com,Biliniyo.com,≤100
735257543175716,Keşan'ın Birleştirici Gücü,Keşan'ın Birleştirici Gücü,≤100
269838563893090,T.C. Atakum Belediyesi,T.C. Atakum Belediyesi,≤100
107858224806227,Gündem Fethiye,Gündem Fethiye,≤100
1158456590974349,Yıldıray Yıldız,Yıldıray Yıldız,≤100
123678484172547,Ali Sazan,These ads ran without a disclaimer,≤100
105459227796668,Büyük Başkan,Büyük Başkan,≤100
722423807901988,Süper Kanal İnegöl,Süper Kanal İnegöl,≤100
292810174193993,Vergi Mükellefi Savunucuları Derneği,These ads ran without a disclaimer,≤100
117491812983397,Yurttan Sesler,Yurttan Sesler,≤100
102626956058404,Alibeyköy Sakinleri,Alibeyköy Sakinleri,≤100
100133169592818,Murat Vakitçi,These ads ran without a disclaimer,≤100
537737986258855,Kocaeli Bizim Yaka Gazetesi,BİZİM YAKA KOCAELİ GAZETESİ,≤100
106536591924487,baskanapp,These ads ran without a disclaimer,≤100
114884898340693,PromojoyPromosyon,These ads ran without a disclaimer,≤100
115818678173415,6 Şubat Gazetesi,6 Şubat Gazetesi,≤100
189221664270366,Sma Abdulla Sezzer,These ads ran without a disclaimer,≤100
175842682277111,Mustafa Bekar CHP/Didim,Mustafa Bekar,≤100
582679865549133,Av. Büşra Dirgen Özdemir,Av. Büşra Dirgen Özdemir,≤100
1634830856802484,Gürsu Belediyesi,These ads ran without a disclaimer,≤100
105489697685023,Gülşah Durbay,Gülşah Durbay,≤100
100299875110384,samsunsehirgazetesi.com,samsunşehirgazetesi.com,≤100
416750085111226,Mikail Sülük,These ads ran without a disclaimer,≤100
148365441872556,Kemal Şahin,Kemal Şahin,≤100
107504668924245,İYİ PARTİ Milas İlçe Başkanlığı,İYİ PARTİ Milas İlçe Başkanlığı,≤100
113944458195273,Rahmi Mete AY,Rahmi Mete AY,≤100
106970081917589,İşsizler Partisi,These ads ran without a disclaimer,≤100
100530502705282,ecg_official_,These ads ran without a disclaimer,≤100
168318619694200,Petrol Trade,These ads ran without a disclaimer,≤100
116064811424377,ddking_art,These ads ran without a disclaimer,≤100
153875391150633,İşletme Dergisi,These ads ran without a disclaimer,≤100
102339175957156,Tree By Lifestyle Green,These ads ran without a disclaimer,≤100
107734741073361,michelleheigre,These ads ran without a disclaimer,≤100
279633602236132,Iran Press Watch,These ads ran without a disclaimer,≤100
645738972165960,IRU,These ads ran without a disclaimer,≤100
114687794895099,Ethereal Lotus,These ads ran without a disclaimer,≤100
153172597881698,ikki_yussuf,These ads ran without a disclaimer,≤100
151465191377940,Graceful Nature,These ads ran without a disclaimer,≤100
121708974534414,Mauro Nardi,These ads ran without a disclaimer,≤100
107730612434377,RO info,These ads ran without a disclaimer,≤100
139827495878070,Smart Investment,These ads ran without a disclaimer,≤100
111221877208530,Young Voices Europe,These ads ran without a disclaimer,≤100
179322922430372,"BTT  ""Os Molengas""",These ads ran without a disclaimer,≤100
1656590977890066,IDEO U,These ads ran without a disclaimer,≤100
1708012722830832,TV FOOT,These ads ran without a disclaimer,≤100
315603771494,Milaap,These ads ran without a disclaimer,≤100
110976888572902,Abang Hokii,These ads ran without a disclaimer,≤100
115125858179281,Invest tunnel,These ads ran without a disclaimer,≤100
231681870018002,Başarılı yaşam,These ads ran without a disclaimer,≤100
200689526723161,Titan Gaming,These ads ran without a disclaimer,≤100
102797132209013,SS Xis,These ads ran without a disclaimer,≤100
114320417920482,Discover Jiaojiang,These ads ran without a disclaimer,≤100
128708817261738,Família de Jesus,These ads ran without a disclaimer,≤100
162617664088212,New platform 2023,These ads ran without a disclaimer,≤100
110541821828425,Bio car,These ads ran without a disclaimer,≤100
138727895996556,SpecialWooden Store,These ads ran without a disclaimer,≤100
101808109370357,Black woman agencia,These ads ran without a disclaimer,≤100
106573982164096,GP Real Estate,These ads ran without a disclaimer,≤100
131694380021998,Trend path,These ads ran without a disclaimer,≤100
104259174514026,Master IRIS 2023 - 2024,These ads ran without a disclaimer,≤100
349351812408985,Chrisma,These ads ran without a disclaimer,≤100
136196656244125,Derov,These ads ran without a disclaimer,≤100
149093435789728,Aretha Kane,These ads ran without a disclaimer,≤100
211201998747758,Başarı Öyküsü,These ads ran without a disclaimer,≤100
1448381715182553,Venta y compras de todo,These ads ran without a disclaimer,≤100
106166248092902,Christabel Ciara,These ads ran without a disclaimer,≤100
356174691603988,Av. Salih Aydın,These ads ran without a disclaimer,≤100
107353745440225,Suudi Arabistan Hac ve Umre Bakanlığı,These ads ran without a disclaimer,≤100
118103901322312,BB Invest Finance Groupe,These ads ran without a disclaimer,≤100
194558657066434,Binance daily,These ads ran without a disclaimer,≤100
216167634913536,Furkan Bilgin,These ads ran without a disclaimer,≤100
157924890731316,24News,These ads ran without a disclaimer,≤100
107648068893394,Trifecta Interiors,These ads ran without a disclaimer,≤100
176344495551949,Heroic drop,These ads ran without a disclaimer,≤100
1709278142683543,Huawei,These ads ran without a disclaimer,≤100
154794477715691,Winri,These ads ran without a disclaimer,≤100
463772493979276,Anuga FoodTec,These ads ran without a disclaimer,≤100
147250072148965,Hold On Hollywood,These ads ran without a disclaimer,≤100
180548161804793,Grand ehq2,These ads ran without a disclaimer,≤100
101649859249300,browniedomendes,These ads ran without a disclaimer,≤100
157252187473198,gebespaylasimlar,These ads ran without a disclaimer,≤100
110164500730142,T Invest,These ads ran without a disclaimer,≤100
1650607485159927,Academia Cristiana Ciudad Dario,These ads ran without a disclaimer,≤100
109087598291452,Dickson Mariela,These ads ran without a disclaimer,≤100
150716558926931,UPB CAMIS,These ads ran without a disclaimer,≤100
101441372853304,Cherry Jubilee,These ads ran without a disclaimer,≤100
109071028272500,Karina oliveira,These ads ran without a disclaimer,≤100
786580691443918,Rami ahan,These ads ran without a disclaimer,≤100
102030959571981,Aesthetic wpv3,These ads ran without a disclaimer,≤100
104664519288353,muslim.square,These ads ran without a disclaimer,≤100
155963347593470,tc_iletisimbsk,These ads ran without a disclaimer,≤100
176334168897444,Parlak bir gelecek,These ads ran without a disclaimer,≤100
848573272208562,BNA CARS,These ads ran without a disclaimer,≤100
142541488951558,Bugünkü haberler,These ads ran without a disclaimer,≤100
145726335465699,صحيفة الشرق الأوسط,These ads ran without a disclaimer,≤100
631533634137564,Wikifx.tr,These ads ran without a disclaimer,≤100
6376854233,𝒁𝑬𝑰𝑺𝑯𝑨.,These ads ran without a disclaimer,≤100
111369155386593,Newton Winifred,These ads ran without a disclaimer,≤100
105353755964826,القوس للإشتراكات,These ads ran without a disclaimer,≤100
140854599122042,Best for personal growth,These ads ran without a disclaimer,≤100
180051768518636,Ааангггг,These ads ran without a disclaimer,≤100
188972196185,University Electric Home Appliance Center,These ads ran without a disclaimer,≤100
152508111500802,IFC Europe & Central Asia,These ads ran without a disclaimer,≤100
132388779962952,Contde Beadmind,These ads ran without a disclaimer,≤100
192177213975086,Elanur'a Nefes,These ads ran without a disclaimer,≤100
206594805617,Doutzen Kroes,These ads ran without a disclaimer,≤100
116394168124241,Sand Dune,These ads ran without a disclaimer,≤100
100334031611003,Bzu multan updates,These ads ran without a disclaimer,≤100
159893530548065,Golden Dragon,These ads ran without a disclaimer,≤100
103848415256693,The Cameralista,These ads ran without a disclaimer,≤100
111659456926699,Masagi Bag,These ads ran without a disclaimer,≤100
202317746291410,nausnaow,These ads ran without a disclaimer,≤100
117858548078036,BizCraft Innovations,These ads ran without a disclaimer,≤100
108256495545345,Solar Symphony,These ads ran without a disclaimer,≤100
104052716135571,Get rich currency,These ads ran without a disclaimer,≤100
130005153532154,I bequeath to protect this world,These ads ran without a disclaimer,≤100
143967698790115,Qntm News,These ads ran without a disclaimer,≤100
106920232149532,Lora Dora,These ads ran without a disclaimer,≤100
1915093668735686,QC - Qurat Clothing,These ads ran without a disclaimer,≤100
154801531050924,Новости23,These ads ran without a disclaimer,≤100
216741958412414,Avon Worldwide,These ads ran without a disclaimer,≤100
109595437889845,Rubén Juy,These ads ran without a disclaimer,≤100
107143891755869,Iphigenia Euphemia,These ads ran without a disclaimer,≤100
180175978507867,Pprooggrammm,These ads ran without a disclaimer,≤100
398810710920649,Terry Store,These ads ran without a disclaimer,≤100
137155026145180,Renewable EnergyTech,These ads ran without a disclaimer,≤100
402052193189194,Siemens,These ads ran without a disclaimer,≤100
144663685401280,News24,These ads ran without a disclaimer,≤100
104275445840268,Суворова1,These ads ran without a disclaimer,≤100
328318050545162,Turkey Invstmt,These ads ran without a disclaimer,≤100
120490947825252,Zyloquin,These ads ran without a disclaimer,≤100
104756246063882,Melisa Yaşasın,These ads ran without a disclaimer,≤100
100801366039948,Ecg TJN Subcluster Nafcoc,These ads ran without a disclaimer,≤100
373536278864,UNICEF Europe & Central Asia,These ads ran without a disclaimer,≤100
161490103705568,Gunri Hei,These ads ran without a disclaimer,≤100
150083504845848,Hearthy Live,These ads ran without a disclaimer,≤100
103347199151109,Krator Tv,These ads ran without a disclaimer,≤100
101587369025742,enuygunpromosyoncu,These ads ran without a disclaimer,≤100
110756618634409,TVP News,These ads ran without a disclaimer,≤100
1876512529070839,Asociación Uruguaya de Contabilidad y Presupuesto Público,These ads ran without a disclaimer,≤100
101789259337003,tina.kassabian,These ads ran without a disclaimer,≤100
113643391832927,Prime Business Matrix,These ads ran without a disclaimer,≤100
162759020263597,Asset Ascendancy Hub,These ads ran without a disclaimer,≤100
103972741993960,Arkadaşlık Sayfası,These ads ran without a disclaimer,≤100
100999008058597,Edsel Ethelbert,These ads ran without a disclaimer,≤100
947141812042694,Egypt Energy Show - Egypes,These ads ran without a disclaimer,≤100
117951664745598,Ensara Nefes,These ads ran without a disclaimer,≤100
111411171844751,Aster Ridge,These ads ran without a disclaimer,≤100
258170564925111,Alfaparf Milano Professional,These ads ran without a disclaimer,≤100
134484849753357,Wiry coal,These ads ran without a disclaimer,≤100
109132251554599,Información útil,These ads ran without a disclaimer,≤100
116134493992796,Alvapriya Aphrodite,These ads ran without a disclaimer,≤100
108788647591402,EGY Market,These ads ran without a disclaimer,≤100
107946725389680,Breaking News,These ads ran without a disclaimer,≤100
177494842112274,News24,These ads ran without a disclaimer,≤100
107042018515265,Alfred Johansen 2,These ads ran without a disclaimer,≤100
116581798370820,Curtis Clement,These ads ran without a disclaimer,≤100
158720527324467,b.fatimaaaaa,These ads ran without a disclaimer,≤100
28928259418,"Saïd Business School, University of Oxford",These ads ran without a disclaimer,≤100
143419352197336,Great jdx3,These ads ran without a disclaimer,≤100
422497574452018,3c calculatoare & service,These ads ran without a disclaimer,≤100
135998612919640,cocuklar.olmesin,These ads ran without a disclaimer,≤100
102158306166320,brunosouzaff7,These ads ran without a disclaimer,≤100
100374339561807,Helth \tLily of the valley,These ads ran without a disclaimer,≤100
169391742917718,Delicate yfw8,These ads ran without a disclaimer,≤100
821186161316682,Hediye Bayisi,These ads ran without a disclaimer,≤100
856872281353150,Chemdist Group,These ads ran without a disclaimer,≤100
113938061967756,R+T Stuttgart,These ads ran without a disclaimer,≤100
259025094248205,Soroptimist International of Europe,These ads ran without a disclaimer,≤100
204055429453679,Tavsiye etmek,These ads ran without a disclaimer,≤100
101509282992399,Izuma,These ads ran without a disclaimer,≤100
101154369114053,Poppy & Mae,These ads ran without a disclaimer,≤100
1603391843314547,Los jefes de mantenimiento,These ads ran without a disclaimer,≤100
140299592503745,sma_aysimatunaa,These ads ran without a disclaimer,≤100
105385721732119,UnionEu,These ads ran without a disclaimer,≤100
115176568147337,Yatırım Dünyası,These ads ran without a disclaimer,≤100
114965318603336,Журнал Новый Дош/New Dosh Magazine,These ads ran without a disclaimer,≤100
117482298007617,Technical innovations,These ads ran without a disclaimer,≤100
194513023747229,Vczaewcxza,These ads ran without a disclaimer,≤100
1748969242086378,The Chinese University of Hong Kong 香港中文大學 - CUHK,These ads ran without a disclaimer,≤100
111606988507201,CSKH Bảo Ngọc - Cho Vay Nhanh 25,These ads ran without a disclaimer,≤100
110002743187126,ZECH Print Online,These ads ran without a disclaimer,≤100
237696999623145,Dharmesh Hadiya,These ads ran without a disclaimer,≤100
128445767987562,Jocasta Jezebel,These ads ran without a disclaimer,≤100
111338814778184,Fortunate collar,These ads ran without a disclaimer,≤100
336376540208113,Vskit,These ads ran without a disclaimer,≤100
425194924912223,Work Visa,These ads ran without a disclaimer,≤100
107623942020003,Gluzabet +,These ads ran without a disclaimer,≤100
104914896032660,cumhuriyet.denizle.100yil,These ads ran without a disclaimer,≤100
108684644662232,R2 personalizados,These ads ran without a disclaimer,≤100
112205178274664,ayasketches,These ads ran without a disclaimer,≤100
273453543577514,Eu Facts,These ads ran without a disclaimer,≤100
235007439685422,yuvdfyu8,These ads ran without a disclaimer,≤100
142371758957864,Cozy Poetry Exchange,These ads ran without a disclaimer,≤100
126012305855543,GowClin,These ads ran without a disclaimer,≤100
114260758339006,Attraction rmy7,These ads ran without a disclaimer,≤100
177278502363359,DNV - Maritime,These ads ran without a disclaimer,≤100
100320075760052,Alberto quiñones el cordobés,These ads ran without a disclaimer,≤100